Workbook
Name Season: #REF!

Sheet simulator
B1: Enter Ratings for both teams | H1: Enter info into all light yellow cells | P1: Win A | Q1: Draw | R1: Win B | X1: =B15 -> Team A | AD1: =B19 -> Team B
B2: Enter via match ratings (blue) or sector percentages (green) | H2: Grey cells are informational | O2: After 90': | P2: =+S38 -> 0.69244254 | Q2: =+T38 -> 0.19099163 | R2: =+U38 -> 0.11656583 | T2: Normal Chances: | U2: 10 | W2: Chance after Poss: | X2: =U3*IF($D$4="Percent",C7,C11) -> 8 | Y2: % CA: | Z2: =VLOOKUP(IF(OR(C11>=0.5,AA31=0),COUNTA($I$13:$M$13)&"D",AA31),lkup_simul!$BH:$BI,2,FALSE)+VLOOKUP(COUNTIF($I$13:$M$13,"T"),lkup_simul!$GI$2:$GM$7,5,FALSE) -> 0.04328233 | AC2: Chance after Poss | AD2: =U3*IF($D$4="Percent",C8,C12) -> 2 | AE2: % CA: | AF2: =VLOOKUP(IF(OR(C12>=0.5,AB31=0),COUNTA($I$19:$M$19)&"D",AB31),lkup_simul!$BH:$BI,2,FALSE)+VLOOKUP(COUNTIF($I$19:$M$19,"T"),lkup_simul!$GI$2:$GM$7,5,FALSE) -> 0.036575107 | AN2: 3.5 | AO2: =+IF(AND(AA33>0,AB33=0),4,IF(AND(AB33>0,AA33=0),2.5,3.5)) -> 2.5 | AP2: =+IF(AO2=4,2.5,IF(AO2=2.5,4,3.5)) -> 4
B3: Rater will use the input selected below | H3: Enter specialties below ("Yes") or choose to skip this step ("No") | P3: =+P2/(P2+R2) -> 0.85591518 | Q3: Win Reg | R3: =1-P3 -> 0.14408482 | T3: Chance after Press: | U3: =U2-VLOOKUP(AA34,lkup_simul!$G:$H,2,FALSE)-VLOOKUP(AB34,lkup_simul!$G:$H,2,FALSE) -> 10 | W3: Chance after PDIM: | X3: =X2*(1-VLOOKUP(AB17,lkup_simul!$D$8:$E$11,2,FALSE)) -> 8 | Y3: U CAs: | Z3: =0.05*(SUM(AP11:AP12)-SUM(AT11:AT12)) -> 0.015404291 | AC3: Chance after PDIM | AD3: =AD2*(1-VLOOKUP(AA17,lkup_simul!$D$8:$E$11,2,FALSE)) -> 1.8706937 | AE3: U CAs: | AF3: =0.05*(SUM(AO11:AO12)-SUM(AS11:AS12)) -> 0 | AN3: PC factor | AO3: =+VLOOKUP(AH33,lkup_simul!$AA:$AI,8,TRUE)*AI33 -> 2.05 | BE3: Attacker | BF3: Defender (100%) | BG3: Defender (25%)
B4: Ratings input: | D4: Percent | H4: Specialties input: | J4: Yes | O4: After 120': | P4: =+P2+(Q2-Q4)*P3 -> 0.78261498 | Q4: =+VLOOKUP(AVERAGE(P7,R7),lkup_simul!$GX$7:$GY$19,2,TRUE)*VLOOKUP(ABS(P7-R7),lkup_simul!$HA$7:$HB$28,2,TRUE)*Q2 -> 0.085639556 | R4: =+R2+(Q2-Q4)*R3 -> 0.13174546 | W4: Press LS%: | X4: =VLOOKUP(AA32,lkup_simul!$FP:$FQ,2,TRUE)*VLOOKUP(AB34,lkup_simul!$FS:$FT,2,TRUE) -> 0 | Y4: CAs: | Z4: =AB16*Z2+Z3 -> 0.094409141 | AC4: Press LS%: | AD4: =VLOOKUP(AB32,lkup_simul!$FP:$FQ,2,TRUE)*VLOOKUP(AA34,lkup_simul!$FS:$FT,2,TRUE) -> 0 | AE4: CAs: | AF4: =AA16*AF2 -> 0.23527852 | AI4: Triggers | AJ4: Event | AK4: Freq | AL4: Players A | AM4: Players B | AN4: % Event A | AO4: Freq A | AP4: Freq B | AQ4: Conv A | AR4: Conv B | AS4: xG A | AT4: xG B | AU4: WI-H A | AV4: WI-H B | AW4: A | AX4: Spec | AY4: hlookup | BA4: HTS_Calc | BB4: Team A | BC4: Team B | BE4: W Right, FW Right | BF4: WB Left | BG4: CD Left
P5: =+IF(J7>J8,VLOOKUP(ABS(J7-J8)*4,lkup_simul!$HD:$HE,2,TRUE),1-VLOOKUP(ABS(J7-J8)*4,lkup_simul!$HD:$HE,2,TRUE)) -> 0.59909763 | Q5: Win PK | R5: =1-P5 -> 0.40090237 | V5: Type: | W5: Normal | X5: Normal | Y5: Normal | Z5: CA / PNF | AA5: CA / PNF | AC5: Normal | AD5: Normal | AE5: Normal | AF5: CA / PNF | AG5: CA / PNF | AI5: Offensive | AJ5: Q Rush | AK5: 0.0871 | AL5: =COUNTIF($I$11:$M$12,"Q") -> 3 | AM5: =COUNTIF($I$17:$M$18,"Q") -> 3 | AN5: =+IFERROR(IF(AL5=AM5,AW5,(AL5^$AW5)/(AL5^$AW5+AM5^$AW5)),0) -> 0.42857143 | AO5: =+AK5*VLOOKUP(MAX(AL5,AM5),lkup_simul!$DP:$DT,4,FALSE)*AN5*AO$3 -> 0.21625561 | AP5: =+AK5*VLOOKUP(MAX(AL5,AM5),lkup_simul!$DP:$DT,4,FALSE)*(1-AN5)*AO$3 -> 0.28834082 | AQ5: =HLOOKUP($K$8,conv_Kstars!$CB$6:$CY$27,$AY5,FALSE)*AO33 -> 0.2908805 | AR5: =HLOOKUP($K$7,conv_Kstars!$CB$6:$CY$27,$AY5,FALSE)*AO36 -> 0.28 | AS5: =+IFERROR(AO5*AQ5,0) -> 0.062904541 | AT5: =+IFERROR(AP5*AR5,0) -> 0.080735429 | AW5: =+IF($AO$2=4,IF(AL5=AM5,(AL5+1)/(AL5+1+AM5),IF(AL5>AM5,$AO$2,$AP$2)),IF($AO$2=2.5,IF(AL5=AM5,(AL5)/(AL5+1+AM5),IF(AL5>AM5,$AO$2,$AP$2)),IF($AO$2=3.5,IF(AL5=AM5,0.5,3.5)))) -> 0.42857143 | AX5: Q | AY5: 7 | BA5: Att | BB5: =+BE12*D14+BF12*E14+BE12*F14 -> 13.575 | BC5: =+BE12*D18+BF12*E18+BE12*F18 -> 13 | BE5: W Left, FW Left | BF5: WB Right | BG5: CD Right
B6: Percent | C6: MF | D6: Left | E6: Center | F6: Right | I6: ISP Def | J6: ISP Att | K6: GK Stars | L6: Tac Level | M6: Tactic | O6: After PK': | P6: =+P2+Q2*P46 -> 0.69244254 | Q6: After PK | R6: =+R2+Q2*R46 -> 0.11656583 | T6: Dist | U6: Sector | V6: %conv | W6: %dist | X6: chances | Y6: goals | Z6: chances | AA6: goals | AB6: %conv | AC6: %dist | AD6: chances | AE6: goals | AF6: chances | AG6: goals | AI6: Offensive | AJ6: Q Pass | AK6: 0.0815 | AL6: =COUNTIF($I$11:$M$12,"Q") -> 3 | AM6: =COUNTIF($I$17:$M$18,"Q") -> 3 | AN6: =+IFERROR(IF(AL6=AM6,AW6,(AL6^$AW6)/(AL6^$AW6+AM6^$AW6)),0) -> 0.42857143 | AO6: =+AK6*VLOOKUP(MAX(AL6,AM6),lkup_simul!$DP:$DT,4,FALSE)*AN6*AO$3 -> 0.20235169 | AP6: =+AK6*VLOOKUP(MAX(AL6,AM6),lkup_simul!$DP:$DT,4,FALSE)*(1-AN6)*AO$3 -> 0.26980226 | AQ6: =HLOOKUP($K$8,conv_Kstars!$CB$6:$CY$27,$AY6,FALSE)*AO33 -> 0.35949761 | AR6: =HLOOKUP($K$7,conv_Kstars!$CB$6:$CY$27,$AY6,FALSE)*AO36 -> 0.35449761 | AS6: =+IFERROR(AO6*AQ6,0) -> 0.072744949 | AT6: =+IFERROR(AP6*AR6,0) -> 0.095644255 | AW6: =+IF($AO$2=4,IF(AL6=AM6,(AL6+1)/(AL6+1+AM6),IF(AL6>AM6,$AO$2,$AP$2)),IF($AO$2=2.5,IF(AL6=AM6,(AL6)/(AL6+1+AM6),IF(AL6>AM6,$AO$2,$AP$2)),IF($AO$2=3.5,IF(AL6=AM6,0.5,3.5)))) -> 0.42857143 | AX6: Q | AY6: 6 | BA6: Def | BB6: =+BE13*D16+BF13*E16+BE13*F16 -> 15.7 | BC6: =+BE13*D20+BF13*E20+BE13*F20 -> 15.15 | BE6: IM Right | BF6: CD Left | BG6: CD Middle, WB Left
B7: Team A: | C7: 0.8 | D7: 0.2 | E7: 0.2 | F7: 0.2 | H7: Team A: | I7: 12.5 | J7: 9.25 | K7: 10.5 | M7: (no tactic) | P7: =P18 -> 2.0913468 | Q7: xG | R7: =R18 -> 0.71968398 | T7: 0.259 | U7: Left | V7: =IF($D$4="Percent",D7,D11) -> 0.2 | W7: =(1-W13)*(T7*(1-AA20)+AA21/2*T8) -> 0.257446 | X7: =X$3*W7 -> 2.059568 | Y7: =X7*V7 -> 0.4119136 | Z7: =Z$4*T7 -> 0.024451967 | AA7: =Z7*V7 -> 0.0048903935 | AB7: =IF($D$4="Percent",D8,D12) -> 0.01 | AC7: =(1-AC13)*(T7*(1-AB20)+AB21/2*T8) -> 0.257446 | AD7: =AD$3*AC7 -> 0.48160261 | AE7: =AD7*AB7 -> 0.0048160261 | AF7: =$AF$4*T7 -> 0.060937138 | AG7: =AF7*AB7 -> 0.00060937138 | AI7: C-H Off: All but SP & K | AJ7: C-H A | AK7: 0.05 | AL7: =COUNTIF($I$11:$M$13,"H") -> 1 | AM7: =COUNTIF($I$17:$M$20,"H")+COUNTIF($I$17:$M$20,"H+SP") -> 0 | AN7: =AN15 -> 0.61351179 | AO7: =+AK7*VLOOKUP(AL7,lkup_simul!$DP:$DT,5,FALSE)*AN7*AO$3 -> 0.062884959 | AQ7: =VLOOKUP((J7-I8)*4,lkup_simul!$DH:$DI,2,TRUE)*VLOOKUP(AL7-AM7,lkup_simul!$DA:$DB,2,TRUE) -> 0.6028735 | AS7: =+IFERROR(AO7*AQ7,0) -> 0.037911675 | AX7: H | BA7: Tac | BB7: =+IF(AA32>0,8,IF(AA31>0,2,9)) -> 9 | BC7: =+IF(AB32>0,8,IF(AB31>0,2,9)) -> 9 | BE7: IM Left | BF7: CD Right | BG7: CD Middle, WB Right
B8: Team B: | C8: =1-C7 -> 0.2 | D8: 0.01 | E8: 0.01 | F8: 0.01 | H8: Team B: | I8: 12 | J8: 8.5 | K8: 10 | L8: 26 | M8: Play Creatively | P8: =+P2*3+Q2*1 -> 2.2683193 | Q8: xP | R8: =+R2*3+Q2 -> 0.54068911 | T8: 0.357 | U8: Center | V8: =IF($D$4="Percent",E7,E11) -> 0.2 | W8: =(1-W13)*(T8*(1-AA21)+AA20*T7*2) -> 0.354858 | X8: =X$3*W8 -> 2.838864 | Y8: =X8*V8 -> 0.5677728 | Z8: =Z$4*T8 -> 0.033704063 | AA8: =Z8*V8 -> 0.0067408127 | AB8: =IF($D$4="Percent",E8,E12) -> 0.01 | AC8: =(1-AC13)*(T8*(1-AB21)+AB20*T7*2) -> 0.354858 | AD8: =AD$3*AC8 -> 0.66383062 | AE8: =AD8*AB8 -> 0.0066383062 | AF8: =$AF$4*T8 -> 0.083994433 | AG8: =AF8*AB8 -> 0.00083994433 | AI8: C-H Def: All (incl K) | AJ8: C-H B | AK8: 0.05 | AL8: =COUNTIF($I$11:$M$14,"H")+COUNTIF($I$11:$M$14,"H+SP") -> 1 | AM8: =COUNTIF($I$17:$M$19,"H") -> 0 | AP8: =+AK8*VLOOKUP(AM8,lkup_simul!$DP:$DT,5,FALSE)*(1-AN7)*AO$3 -> 0 | AR8: =VLOOKUP((J8-I7)*4,lkup_simul!$DH:$DI,2,TRUE)*VLOOKUP(AM8-AL8,lkup_simul!$DA:$DB,2,TRUE) -> 0.2274375 | AT8: =+IFERROR(AP8*AR8,0) -> 0 | AW8: =+IF($AO$2=4,IF(AL8=AM8,(AL8+1)/(AL8+1+AM8),IF(AL8>AM8,$AO$2,$AP$2)),IF($AO$2=2.5,IF(AL8=AM8,(AL8)/(AL8+1+AM8),IF(AL8>AM8,$AO$2,$AP$2)),IF($AO$2=3.5,IF(AL8=AM8,0.5,3.5)))) -> 2.5 | AX8: H | BA8: TacMid | BB8: =IF(AND(BB7=2,E15/E19<0.5),3,BB7) -> 9 | BC8: =IF(AND(BC7=2,E19/E15<0.5),3,BC7) -> 9 | BE8: FW Middle, IM Middle | BF8: CD Middle | BG8: CD Left, CD Right
P9: =BB13 -> 293.30403 | Q9: HTS | R9: =BC13 -> 345.05154 | T9: 0.259 | U9: Right | V9: =IF($D$4="Percent",F7,F11) -> 0.2 | W9: =W7 -> 0.257446 | X9: =X$3*W9 -> 2.059568 | Y9: =X9*V9 -> 0.4119136 | Z9: =Z$4*T9 -> 0.024451967 | AA9: =Z9*V9 -> 0.0048903935 | AB9: =IF($D$4="Percent",F8,F12) -> 0.01 | AC9: =AC7 -> 0.257446 | AD9: =AD$3*AC9 -> 0.48160261 | AE9: =AD9*AB9 -> 0.0048160261 | AF9: =$AF$4*T9 -> 0.060937138 | AG9: =AF9*AB9 -> 0.00060937138 | AI9: Offensive | AJ9: W-H | AK9: 0.0509 | AL9: =COUNTIF($I$11:$M$12,"H")+COUNTIF($I$11:$M$12,"H+SP") -> 1 | AM9: =COUNTIF($I$17:$M$18,"H")+COUNTIF($I$17:$M$18,"H+SP") -> 0 | AN9: =+IFERROR(IF(AL9=AM9,AW9,(AL9^$AW9)/(AL9^$AW9+AM9^$AW9)),0) -> 1 | AO9: =+AK9*VLOOKUP(MAX(AL9,AM9),lkup_simul!$DP:$DT,4,FALSE)*AN9*AO$3*IF(AL9*AU9=1,0.5,1) -> 0.0521725 | AP9: =+AK9*VLOOKUP(MAX(AL9,AM9),lkup_simul!$DP:$DT,4,FALSE)*(1-AN9)*AO$3*IF(AM9*AV9=1,0.5,1) -> 0 | AQ9: =HLOOKUP($K$8,conv_Kstars!$CB$6:$CY$27,$AY9,FALSE) -> 0.48 | AR9: =HLOOKUP($K$7,conv_Kstars!$CB$6:$CY$27,$AY9,FALSE) -> 0.47 | AS9: =+IFERROR(AO9*AQ9,0) -> 0.0250428 | AT9: =+IFERROR(AP9*AR9,0) -> 0 | AU9: =COUNTIF(I12,"H")+COUNTIF(M12,"H") -> 1 | AV9: =COUNTIF(I18,"H")+COUNTIF(M18,"H") -> 0 | AW9: =+IF($AO$2=4,IF(AL9=AM9,(AL9+1)/(AL9+1+AM9),IF(AL9>AM9,$AO$2,$AP$2)),IF($AO$2=2.5,IF(AL9=AM9,(AL9)/(AL9+1+AM9),IF(AL9>AM9,$AO$2,$AP$2)),IF($AO$2=3.5,IF(AL9=AM9,0.5,3.5)))) -> 2.5 | AX9: H | AY9: 17 | BA9: Att | BB9: =+VLOOKUP(BB$7*1000+FLOOR(BB5*4-3,1),hts_calculator!$D:$E,2,FALSE) -> 1.2780399 | BC9: =+VLOOKUP(BC$7*1000+FLOOR(BC5*4-3,1),hts_calculator!$D:$E,2,FALSE) -> 1.2503803
B10: Ratings | C10: MF | D10: Left | E10: Center | F10: Right | K10: Team A | P10: =B15 -> Team A | R10: =B19 -> Team B | T10: 0.084 | U10: DFK | V10: =VLOOKUP(J$7,dfk_pk!$A$8:$AS$19,HLOOKUP(I$8,dfk_pk!$D$4:$O$5,2,TRUE)+15,TRUE) -> 0.12 | W10: =(1-W13)*T10*(1-AA22) -> 0.06011712 | X10: =X$3*W10 -> 0.48093696 | Y10: =X10*V10 -> 0.057712435 | Z10: =Z$4*T10*(1-AA22) -> 0.0057098648 | AA10: =Z10*V10 -> 0.00068518378 | AB10: =VLOOKUP(J$8,dfk_pk!$A$8:$AS$19,HLOOKUP(I$7,dfk_pk!$D$4:$O$5,2,TRUE)+15,TRUE) -> 0.08 | AC10: =(1-AC13)*T10*(1-AB22) -> 0.06095208 | AD10: =AD$3*AC10 -> 0.11402267 | AE10: =AD10*AB10 -> 0.0091218137 | AF10: =$AF$4*T10*(1-AB22) -> 0.014427279 | AG10: =AF10*AB10 -> 0.0011541823 | AI10: Def + K | AJ10: ULP | AK10: 0.0703 | AL10: =COUNTIF($I$13:$M$14,"U") -> 0 | AM10: =COUNTIF($I$19:$M$20,"U") -> 2 | AN10: =+IFERROR(IF(AL10=AM10,AW10,(AL10^$AW10)/(AL10^$AW10+AM10^$AW10)),0) -> 0 | AO10: =+AK10*VLOOKUP(MAX(AL10,AM10),lkup_simul!$DP:$DT,4,FALSE)*AN10*AO$3 -> 0 | AP10: =+AK10*VLOOKUP(MAX(AL10,AM10),lkup_simul!$DP:$DT,4,FALSE)*(1-AN10)*AO$3 -> 0.27871841 | AQ10: =HLOOKUP($K$8,conv_Kstars!$CB$6:$CY$27,$AY10,FALSE) -> 0.3064877 | AR10: =HLOOKUP($K$7,conv_Kstars!$CB$6:$CY$27,$AY10,FALSE) -> 0.30331754 | AS10: =+IFERROR(AO10*AQ10,0) -> 0 | AT10: =+IFERROR(AP10*AR10,0) -> 0.084540181 | AW10: =+IF($AO$2=4,IF(AL10=AM10,(AL10+1)/(AL10+1+AM10),IF(AL10>AM10,$AO$2,$AP$2)),IF($AO$2=2.5,IF(AL10=AM10,(AL10)/(AL10+1+AM10),IF(AL10>AM10,$AO$2,$AP$2)),IF($AO$2=3.5,IF(AL10=AM10,0.5,3.5)))) -> 4 | AX10: U | AY10: 11 | BA10: Mid | BB10: =+VLOOKUP(BB$8*1000+FLOOR(E15*4-3,1),hts_calculator!$G:$H,2,FALSE) -> 1.7386 | BC10: =+VLOOKUP(BC$8*1000+FLOOR(E19*4-3,1),hts_calculator!$G:$H,2,FALSE) -> 2.1293
B11: Team A: | C11: =+X26^3/(X26^3+AD26^3) -> 0.36120664 | D11: =+W25^3.5/(W25^3.5+AE27^3.5)*0.92 -> 0.40713839 | E11: =+X25^3.5/(X25^3.5+AD27^3.5)*0.92 -> 0.23707948 | F11: =+Y25^3.5/(Y25^3.5+AC27^3.5)*0.92 -> 0.54533308 | H11: FW | J11: PNF | L11: Q | P11: =SUM(P12:P17) -> 9.3908633 | Q11: Chances | R11: =SUM(R12:R17) -> 3.9399562 | U11: PK | V11: =VLOOKUP(J$7,dfk_pk!$A$8:$AS$19,HLOOKUP(I$8,dfk_pk!$D$4:$O$5,2,TRUE)+0,TRUE) -> 0.4 | W11: =(1-W13)*T10*AA22 -> 0.02337888 | X11: =X$3*W11 -> 0.18703104 | Y11: =X11*V11 -> 0.074812416 | Z11: =Z$4*T10*AA22 -> 0.002220503 | AA11: =Z11*V11 -> 0.0008882012 | AB11: =VLOOKUP(J$8,dfk_pk!$A$8:$AS$19,HLOOKUP(I$7,dfk_pk!$D$4:$O$5,2,TRUE)+0,TRUE) -> 0.36 | AC11: =(1-AC13)*T10*AB22 -> 0.02254392 | AD11: =AD$3*AC11 -> 0.042172769 | AE11: =AD11*AB11 -> 0.015182197 | AF11: =$AF$4*T10*AB22 -> 0.0053361169 | AG11: =AF11*AB11 -> 0.0019210021 | AI11: All but K | AJ11: U special | AK11: 0.0301 | AL11: =COUNTIF($I$11:$M$13,"U") -> 0 | AM11: =COUNTIF($I$17:$M$19,"U") -> 5 | AN11: =+IFERROR(IF(AL11=AM11,AW11,(AL11^$AW11)/(AL11^$AW11+AM11^$AW11)),0) -> 0 | AO11: =+AK11*VLOOKUP(MAX(AL11,AM11),lkup_simul!$DP:$DT,4,FALSE)*AN11*AO$3 -> 0 | AP11: =+AK11*VLOOKUP(MAX(AL11,AM11),lkup_simul!$DP:$DT,4,FALSE)*(1-AN11)*AO$3 -> 0.27952365 | AQ11: =HLOOKUP($K$8,conv_Kstars!$CB$6:$CY$27,$AY11,FALSE) -> 0.36560292 | AR11: =HLOOKUP($K$7,conv_Kstars!$CB$6:$CY$27,$AY11,FALSE) -> 0.35714286 | AS11: =+IFERROR(AO11*AQ11,0) -> 0 | AT11: =+IFERROR(AP11*AR11,0) -> 0.099829875 | AW11: =+IF($AO$2=4,IF(AL11=AM11,(AL11+1)/(AL11+1+AM11),IF(AL11>AM11,$AO$2,$AP$2)),IF($AO$2=2.5,IF(AL11=AM11,(AL11)/(AL11+1+AM11),IF(AL11>AM11,$AO$2,$AP$2)),IF($AO$2=3.5,IF(AL11=AM11,0.5,3.5)))) -> 4 | AX11: U | AY11: 15 | BA11: Def | BB11: =+VLOOKUP(BB$7*1000+FLOOR(BB6*4-3,1),hts_calculator!$A:$B,2,FALSE) -> 1.32 | BC11: =+VLOOKUP(BC$7*1000+FLOOR(BC6*4-3,1),hts_calculator!$A:$B,2,FALSE) -> 1.296
B12: Team B: | C12: =1-C11 -> 0.63879336 | D12: =+AC25^3.5/(AC25^3.5+Y27^3.5)*0.92 -> 0.27278199 | E12: =+AD25^3.5/(AD25^3.5+X27^3.5)*0.92 -> 0.34078442 | F12: =+AE25^3.5/(AE25^3.5+W27^3.5)*0.92 -> 0.28897557 | H12: MID | I12: H | J12: PDIM | K12: T | L12: Q | M12: Q | P12: =SUM(X7:X9) -> 6.958 | Q12: L/C/R | R12: =SUM(AD7:AD9) -> 1.6270358 | T12: 0.041 | U12: IFK | V12: =+VLOOKUP(J7*4-I8*4,lkup_simul!$A:$B,2,TRUE) -> 0.11607792 | W12: =(1-W13)*T12 -> 0.040754 | X12: =X$3*W12 -> 0.326032 | Y12: =X12*V12 -> 0.037845115 | Z12: =Z$4*T12 -> 0.0038707748 | AA12: =Z12*V12 -> 0.00044931147 | AB12: =+VLOOKUP(J8*4-I7*4,lkup_simul!$A:$B,2,TRUE) -> 0.046530572 | AC12: =(1-AC13)*T12 -> 0.040754 | AD12: =AD$3*AC12 -> 0.076238251 | AE12: =AD12*AB12 -> 0.0035474094 | AF12: =$AF$4*T12 -> 0.0096464195 | AG12: =AF12*AB12 -> 0.00044885342 | AI12: Offensive | AJ12: U score | AK12: 0.041 | AL12: =COUNTIF($I$11:$M$12,"U") -> 0 | AM12: =COUNTIF($I$17:$M$18,"U") -> 3 | AN12: =+IFERROR(IF(AL12=AM12,AW12,(AL12^$AW12)/(AL12^$AW12+AM12^$AW12)),0) -> 0 | AO12: =+AK12*VLOOKUP(MAX(AL12,AM12),lkup_simul!$DP:$DT,4,FALSE)*AN12*AO$3 -> 0 | AP12: =+AK12*VLOOKUP(MAX(AL12,AM12),lkup_simul!$DP:$DT,4,FALSE)*(1-AN12)*AO$3 -> 0.2375253 | AQ12: =HLOOKUP($K$8,conv_Kstars!$CB$6:$CY$27,$AY12,FALSE) -> 0.48 | AR12: =HLOOKUP($K$7,conv_Kstars!$CB$6:$CY$27,$AY12,FALSE) -> 0.45945946 | AS12: =+IFERROR(AO12*AQ12,0) -> 0 | AT12: =+IFERROR(AP12*AR12,0) -> 0.10913325 | AW12: =+IF($AO$2=4,IF(AL12=AM12,(AL12+1)/(AL12+1+AM12),IF(AL12>AM12,$AO$2,$AP$2)),IF($AO$2=2.5,IF(AL12=AM12,(AL12)/(AL12+1+AM12),IF(AL12>AM12,$AO$2,$AP$2)),IF($AO$2=3.5,IF(AL12=AM12,0.5,3.5)))) -> 4 | AX12: U | AY12: 14 | BA12: LS | BB12: =+IF(AA32=0,1,VLOOKUP(8000+AA32,hts_calculator!$J:$K,2,FALSE)) -> 1 | BC12: =+IF(AB32=0,1,VLOOKUP(8000+AB32,hts_calculator!$J:$K,2,FALSE)) -> 1 | BE12: =+IF($AA$36>0,hts_calculator!N3,IF($AA$35>0,hts_calculator!N4,hts_calculator!N2)) -> 0.3 | BF12: =+IF($AA$36>0,hts_calculator!N3,IF($AA$35>0,hts_calculator!O4,hts_calculator!O2)) -> 0.4 | BG12: =+IF($AB$36>0,hts_calculator!N3,IF($AB$35>0,hts_calculator!N4,hts_calculator!N2)) -> 0.3 | BH12: =+IF($AB$36>0,hts_calculator!N3,IF($AB$35>0,hts_calculator!O4,hts_calculator!O2)) -> 0.4
H13: DEF | I13: T | K13: Z | M13: Z | P13: =SUM(X10:X12) -> 0.994 | Q13: Set Piece | R13: =SUM(AD10:AD12) -> 0.23243369 | U13: LS | V13: =VLOOKUP(VALUE(AA32),lkup_simul!$N:$S,5,TRUE) -> 0.11 | W13: =IF(M7<>"Long Shots",0.6%,VLOOKUP(L7,lkup_simul!$BY:$CF,7,FALSE)+VLOOKUP(L7,lkup_simul!$BY:$CF,8,FALSE)) -> 0.006 | X13: =X$3*W13*(1-X4) -> 0.048 | Y13: =X13*V13 -> 0.00528 | AB13: =VLOOKUP(VALUE(AB32),lkup_simul!$N:$S,5,TRUE) -> 0.11 | AC13: =IF(VALUE(AB32)=0,0.6%,VLOOKUP(AB32,lkup_simul!$BY:$CF,7,FALSE)+VLOOKUP(AB32,lkup_simul!$BY:$CF,8,FALSE)) -> 0.006 | AD13: =AD$3*AC13*(1-AD4) -> 0.011224162 | AE13: =AD13*AB13 -> 0.0012346578 | AI13: Def / IM | AJ13: U mistake | AK13: 0.0235 | AL13: =COUNTIF($I$13:$M$13,"U")+COUNTIF($J$12:$L$12,"U") -> 0 | AM13: =COUNTIF($I$19:$M$19,"U")+COUNTIF($J$18:$L$18,"U") -> 5 | AN13: =1-IFERROR(IF(AL13=AM13,AW13,(AL13^$AW13)/(AL13^$AW13+AM13^$AW13)),0) -> 1 | AO13: =+AK13*VLOOKUP(MAX(AL13,AM13),lkup_simul!$DP:$DT,4,FALSE)*AN13*AO$3 -> 0.21823275 | AP13: =+AK13*VLOOKUP(MAX(AL13,AM13),lkup_simul!$DP:$DT,4,FALSE)*(1-AN13)*AO$3 -> 0 | AQ13: =HLOOKUP($K$8,conv_Kstars!$CB$6:$CY$27,$AY13,FALSE) -> 0.17251284 | AR13: =HLOOKUP($K$7,conv_Kstars!$CB$6:$CY$27,$AY13,FALSE) -> 0.16739618 | AS13: =+IFERROR(AO13*AQ13,0) -> 0.037647951 | AT13: =+IFERROR(AP13*AR13,0) -> 0 | AW13: =+IF($AO$2=4,IF(AL13=AM13,(AL13+1)/(AL13+1+AM13),IF(AL13>AM13,$AO$2,$AP$2)),IF($AO$2=2.5,IF(AL13=AM13,(AL13)/(AL13+1+AM13),IF(AL13>AM13,$AO$2,$AP$2)),IF($AO$2=3.5,IF(AL13=AM13,0.5,3.5)))) -> 4 | AX13: U | AY13: 12 | BA13: HTS | BB13: =100*BB9*BB10*BB11*BB12 -> 293.30403 | BC13: =100*BC9*BC10*BC11*BC12 -> 345.05154 | BE13: 0.3 | BF13: 0.4 | BG13: 0.3 | BH13: 0.4
C14: Att | D14: 11.75 | E14: 13.5 | F14: 15.5 | H14: K | K14: Z | P14: =X13 -> 0.048 | Q14: LS | R14: =AD13 -> 0.011224162 | U14: PNF | V14: 0.8 | Z14: =(SUM(X7:X12)-SUM(Y7:Y12))*AA19 -> 0.19761635 | AA14: =Z14*V14 -> 0.15809308 | AB14: 0.8 | AF14: =+(SUM(AD7:AD12)-SUM(AE7:AE12))*AB19 -> 0.11623789 | AG14: =AF14*AB14 -> 0.092990314 | AI14: WG / FW | AJ14: UOG | AK14: 0.0425 | AL14: =COUNTIF($I$12,"U")+COUNTIF($M$12,"U")+COUNTIF($I$11:$M$11,"U") -> 0 | AM14: =COUNTIF($I$18,"U")+COUNTIF($M$18,"U")+COUNTIF($I$17:$M$17,"U") -> 0 | AN14: =1-IFERROR(IF(AL14=AM14,AW14,(AL14^$AW14)/(AL14^$AW14+AM14^$AW14)),0) -> 1 | AO14: =+AK14*VLOOKUP(MAX(AL14,AM14),lkup_simul!$DP:$DT,4,FALSE)*AN14*AO$3 -> 0 | AP14: =+AK14*VLOOKUP(MAX(AL14,AM14),lkup_simul!$DP:$DT,4,FALSE)*(1-AN14)*AO$3 -> 0 | AQ14: =HLOOKUP($K$8,conv_Kstars!$CB$6:$CY$27,$AY14,FALSE) -> 0.19251888 | AR14: =HLOOKUP($K$7,conv_Kstars!$CB$6:$CY$27,$AY14,FALSE) -> 0.18680885 | AS14: =+IFERROR(AO14*AQ14,0) -> 0 | AT14: =+IFERROR(AP14*AR14,0) -> 0 | AW14: =+IF($AO$2=4,IF(AL14=AM14,(AL14+1)/(AL14+1+AM14),IF(AL14>AM14,$AO$2,$AP$2)),IF($AO$2=2.5,IF(AL14=AM14,(AL14)/(AL14+1+AM14),IF(AL14>AM14,$AO$2,$AP$2)),IF($AO$2=3.5,IF(AL14=AM14,0.5,3.5)))) -> 0 | AX14: U | AY14: 13
B15: Team A | C15: Mid | E15: 11.5 | P15: =SUM(Z7:Z13) -> 0.094409141 | Q15: CA | R15: =SUM(AF7:AF13) -> 0.23527852 | U15: Total | V15: =Y15/X15 -> 0.19590625 | W15: =SUM(W7:W13) -> 1 | X15: =SUM(X7:X13) -> 8 | Y15: =SUM(Y7:Y13) -> 1.56725 | Z15: =SUM(Z7:Z14) -> 0.29202549 | AA15: =SUM(AA7:AA14) -> 0.17663738 | AB15: =AE15/AD15 -> 0.024245785 | AC15: =SUM(AC7:AC13) -> 1 | AD15: =SUM(AD7:AD13) -> 1.8706937 | AE15: =SUM(AE7:AE13) -> 0.045356436 | AF15: =SUM(AF7:AF14) -> 0.35151642 | AG15: =SUM(AG7:AG13) -> 0.0055827249 | AI15: Poss | AJ15: C-A | AK15: 0.1 | AN15: =IF(D4="Ratings",X26/(X26+AD26),VLOOKUP(ROUND(C7,2),lkup_simul!$GP:$GQ,2,FALSE)) -> 0.61351179 | AO15: =+AK15*AN15*AO$3 -> 0.12576992 | AP15: =+AK15*(1-AN15)*AO$3 -> 0.079230083 | AQ15: =VLOOKUP((J7-I8)*4,lkup_simul!$EE:$EF,2,TRUE)*VLOOKUP(K8-AA32/4,lkup_simul!$EB:$EC,2,TRUE) -> 0.4094 | AR15: =VLOOKUP((J8-I7)*4,lkup_simul!$EE:$EF,2,TRUE)*VLOOKUP(K7-AB32/4,lkup_simul!$EB:$EC,2,TRUE) -> 0.3628625 | AS15: =+IFERROR(AO15*AQ15,0) -> 0.051490204 | AT15: =+IFERROR(AP15*AR15,0) -> 0.028749626 | AX15: O
C16: Def | D16: 13.25 | E16: 16.75 | F16: 16.75 | K16: Team B | P16: =Z14 -> 0.19761635 | Q16: PNF | R16: =AF14 -> 0.11623789 | Z16: Missed Normal: | AA16: =X15-Y15 -> 6.43275 | AB16: =AD15-AE15 -> 1.8253373 | AI16: Wingers | AJ16: W-A | AK16: 0.08 | AL16: =COUNTA($I12,$M12) -> 2 | AM16: =COUNTA($I18,$M18) -> 2 | AN16: =+IFERROR(IF(AL16=AM16,AW16,(AL16^$AW16)/(AL16^$AW16+AM16^$AW16)),0) -> 0.4 | AO16: =+AK16*VLOOKUP(MAX(AL16,AM16),lkup_simul!$DP:$DT,4,FALSE)*AN16*AO$3 -> 0.1268704 | AP16: =+AK16*VLOOKUP(MAX(AL16,AM16),lkup_simul!$DP:$DT,4,FALSE)*(1-AN16)*AO$3 -> 0.1903056 | AQ16: =HLOOKUP($K$8,conv_Kstars!$CB$6:$CY$27,$AY16,FALSE) -> 0.33 | AR16: =HLOOKUP($K$7,conv_Kstars!$CB$6:$CY$27,$AY16,FALSE) -> 0.32 | AS16: =+IFERROR(AO16*AQ16,0) -> 0.041867232 | AT16: =+IFERROR(AP16*AR16,0) -> 0.060897792 | AW16: =+IF($AO$2=4,IF(AL16=AM16,(AL16+1)/(AL16+1+AM16),IF(AL16>AM16,$AO$2,$AP$2)),IF($AO$2=2.5,IF(AL16=AM16,(AL16)/(AL16+1+AM16),IF(AL16>AM16,$AO$2,$AP$2)),IF($AO$2=3.5,IF(AL16=AM16,0.5,3.5)))) -> 0.4 | AX16: O | AY16: 16
H17: FW | J17: PNF | L17: Q | P17: =IF(J4="Yes",AO19,0.5*AO3) -> 1.0988378 | Q17: SE | R17: =IF(J4="Yes",AP19,0.5*AO3) -> 1.7177461 | Z17: PDIM: | AA17: =COUNTIF(J12:L12,"PDIM") -> 1 | AB17: =COUNTIF(J18:L18,"PDIM") -> 0 | AI17: Offensive | AJ17: T | AK17: 0.0954 | AL17: =COUNTIF($I$11:$M$12,"T")*MIN(1,COUNTIF(I18:M20,"H")+COUNTIF(I18:M20,"H+SP")) -> 0 | AM17: =COUNTIF($I$17:$M$18,"T")*MIN(1,COUNTIF(I12:M14,"H")+COUNTIF(I12:M14,"H+SP")) -> 0 | AN17: =+IFERROR(IF(AL17=AM17,AW17,(AL17^$AW17)/(AL17^$AW17+AM17^$AW17)),0) -> 0 | AO17: =+AK17*VLOOKUP(MAX(AL17,AM17),lkup_simul!$DP:$DT,4,FALSE)*AN17*AO$3 -> 0 | AP17: =+AK17*VLOOKUP(MAX(AL17,AM17),lkup_simul!$DP:$DT,4,FALSE)*(1-AN17)*AO$3 -> 0 | AQ17: =HLOOKUP($K$8,conv_Kstars!$CB$6:$CY$27,$AY17,FALSE) -> 0.24486983 | AR17: =HLOOKUP($K$7,conv_Kstars!$CB$6:$CY$27,$AY17,FALSE) -> 0.23986983 | AS17: =+IFERROR(AO17*AQ17,0) -> 0 | AT17: =+IFERROR(AP17*AR17,0) -> 0 | AW17: =+IF($AO$2=4,IF(AL17=AM17,(AL17+1)/(AL17+1+AM17),IF(AL17>AM17,$AO$2,$AP$2)),IF($AO$2=2.5,IF(AL17=AM17,(AL17)/(AL17+1+AM17),IF(AL17>AM17,$AO$2,$AP$2)),IF($AO$2=3.5,IF(AL17=AM17,0.5,3.5)))) -> 0 | AX17: T | AY17: 9
C18: Att | D18: 13.25 | E18: 14.5 | F18: 10.75 | H18: MID | I18: Q | J18: U | K18: U | L18: U | M18: Q | P18: =SUM(P19:P24) -> 2.0913468 | Q18: Goals | R18: =SUM(R19:R24) -> 0.71968398 | Z18: PNF_CD Opp: | AA18: =COUNTIF(J11:L11,"PNF")&"_"&COUNTA(J19:L19) -> 1_2 | AB18: =COUNTIF(J17:L17,"PNF")&"_"&COUNTA(J13:L13) -> 1_1 | AI18: n/a | AJ18: All Others | AK18: 0.092 | AN18: 0.5 | AO18: =+AK18*AN18*AO$3 -> 0.0943 | AP18: =+AK18*(1-AN18)*AO$3 -> 0.0943 | AQ18: =HLOOKUP($K$8,conv_Kstars!$CB$6:$CY$27,$AY18,FALSE) -> 0.18929049 | AR18: =HLOOKUP($K$7,conv_Kstars!$CB$6:$CY$27,$AY18,FALSE) -> 0.17204775 | AS18: =+IFERROR(AO18*AQ18,0) -> 0.017850093 | AT18: =+IFERROR(AP18*AR18,0) -> 0.016224102 | AX18: O | AY18: 18
B19: Team B | C19: Mid | E19: 13.75 | H19: DEF | I19: U | K19: U | L19: Q | P19: =SUM(Y7:Y9) -> 1.3916 | Q19: L/C/R | R19: =SUM(AE7:AE9) -> 0.016270358 | Z19: PNF event conv%: | AA19: =+VLOOKUP(AA18,lkup_simul!$W:$X,2,FALSE) -> 0.030925732 | AB19: =+VLOOKUP(AB18,lkup_simul!$W:$X,2,FALSE) -> 0.064030648 | AI19: Total | AJ19: Total | AO19: =SUM(AO5:AO18) -> 1.0988378 | AP19: =SUM(AP5:AP18) -> 1.7177461 | AQ19: =AS19/AO19 -> 0.3162063 | AR19: =AT19/AP19 -> 0.33518021 | AS19: =SUM(AS5:AS18) -> 0.34745945 | AT19: =SUM(AT5:AT18) -> 0.57575451
C20: Def | D20: 14 | E20: 18 | F20: 12.5 | H20: K | K20: Z | P20: =SUM(Y10:Y12) -> 0.17036997 | Q20: Set Piece | R20: =SUM(AE10:AE12) -> 0.02785142 | Z20: AIM% shift: | AA20: =IF(VALUE(AA36)=0,0,VLOOKUP(AA36,lkup_simul!$CH:$CO,8,TRUE)) -> 0 | AB20: =IF(VALUE(AB36)=0,0,VLOOKUP(AB36,lkup_simul!$CH:$CO,8,TRUE)) -> 0 | AI20: Tech D | AJ20: Tech D | AL20: =COUNTIF($I$13:$M$13,"T") -> 1 | AM20: =COUNTIF($I$19:$M$20,"T") -> 0
P21: =Y13 -> 0.00528 | Q21: LS | R21: =AE13 -> 0.0012346578 | Z21: AOW% shift: | AA21: =IF(VALUE(AA35)=0,0,VLOOKUP(AA35,lkup_simul!$CQ:$CX,8,TRUE)) -> 0 | AB21: =IF(VALUE(AB35)=0,0,VLOOKUP(AB35,lkup_simul!$CQ:$CX,8,TRUE)) -> 0
H22: Spec | I22: Definition | K22: Spec | L22: Definition | P22: =SUM(AA7:AA13) -> 0.018544296 | Q22: CA | R22: =SUM(AG7:AG13) -> 0.0055827249 | Z22: PK/(PK+DFK): | AA22: =VLOOKUP(J$7,dfk_pk!$A$8:$AS$19,HLOOKUP(I$8,dfk_pk!$D$4:$O$5,2,TRUE)+30,TRUE) -> 0.28 | AB22: =VLOOKUP(J$8,dfk_pk!$A$8:$AS$19,HLOOKUP(I$7,dfk_pk!$D$4:$O$5,2,TRUE)+30,TRUE) -> 0.27 | AM22: Spec | AN22: Spec | AO22: SE A | AP22: SE B | AQ22: Conv% A | AR22: Conv% B | AS22: SE xG A | AT22: SE xG B
D23: HTS: | E23: =P9 -> 293.30403 | F23: =R9 -> 345.05154 | I23: no player | K23: H+SP | L23: Head + Set Piece Taker | P23: =AA14 -> 0.15809308 | Q23: PNF | R23: =AG14 -> 0.092990314 | AM23: Quick | AN23: Q | AO23: =+SUMIFS(AO$5:AO$18,$AX$5:$AX$18,$AN23) -> 0.41860731 | AP23: =+SUMIFS(AP$5:AP$18,$AX$5:$AX$18,$AN23) -> 0.55814307 | AQ23: =+IFERROR(AS23/AO23,"") -> 0.32404951 | AR23: =+IFERROR(AT23/AP23,"") -> 0.3160116 | AS23: =+SUMIFS(AS$5:AS$18,$AX$5:$AX$18,$AN23) -> 0.13564949 | AT23: =+SUMIFS(AT$5:AT$18,$AX$5:$AX$18,$AN23) -> 0.17637968
D24: Home/Away: | E24: Neutral | F24: Neutral | H24: Q | I24: Quick | K24: PNF | L24: Powerful Normal Forward | P24: =IF(J4="Yes",AS19,0.48*P17) -> 0.34745945 | Q24: SE | R24: =IF(J4="Yes",AT19,0.48*R17) -> 0.57575451 | AA24: Hat Ratings | AM24: Head | AN24: H | AO24: =+SUMIFS(AO$5:AO$18,$AX$5:$AX$18,$AN24) -> 0.11505746 | AP24: =+SUMIFS(AP$5:AP$18,$AX$5:$AX$18,$AN24) -> 0 | AQ24: =+IFERROR(AS24/AO24,"") -> 0.54715684 | AR24: =+IFERROR(AT24/AP24,"") | AS24: =+SUMIFS(AS$5:AS$18,$AX$5:$AX$18,$AN24) -> 0.062954475 | AT24: =+SUMIFS(AT$5:AT$18,$AX$5:$AX$18,$AN24) -> 0
D25: Extra time: | E25: Y | H25: U | I25: Unpredictable | K25: PDIM | L25: Powerful Defensive Inner Midfield | W25: =+(D14*4-3) -> 44 | X25: =+(E14*4-3) -> 51 | Y25: =+(F14*4-3) -> 59 | AA25: Att | AC25: =+(D18*4-3) -> 50 | AD25: =+(E18*4-3) -> 55 | AE25: =+(F18*4-3) -> 40 | AM25: Unpred | AN25: U | AO25: =+SUMIFS(AO$5:AO$18,$AX$5:$AX$18,$AN25) -> 0.21823275 | AP25: =+SUMIFS(AP$5:AP$18,$AX$5:$AX$18,$AN25) -> 0.79576736 | AQ25: =+IFERROR(AS25/AO25,"") -> 0.17251284 | AR25: =+IFERROR(AT25/AP25,"") -> 0.36883054 | AS25: =+SUMIFS(AS$5:AS$18,$AX$5:$AX$18,$AN25) -> 0.037647951 | AT25: =+SUMIFS(AT$5:AT$18,$AX$5:$AX$18,$AN25) -> 0.2935033
D26: Manmarking (enter # of teams playing MM): | E26: 1 | H26: H | I26: Head | P26: =P18 -> 2.0913468 | Q26: xG | R26: =R18 -> 0.71968398 | S26: Win A | T26: Draw | U26: Win B | X26: =+(E15*4-3) -> 43 | AA26: Mid | AD26: =+(E19*4-3) -> 52 | AM26: Tech | AN26: T | AO26: =+SUMIFS(AO$5:AO$18,$AX$5:$AX$18,$AN26) -> 0 | AP26: =+SUMIFS(AP$5:AP$18,$AX$5:$AX$18,$AN26) -> 0 | AQ26: =+IFERROR(AS26/AO26,"") | AR26: =+IFERROR(AT26/AP26,"") | AS26: =+SUMIFS(AS$5:AS$18,$AX$5:$AX$18,$AN26) -> 0 | AT26: =+SUMIFS(AT$5:AT$18,$AX$5:$AX$18,$AN26) -> 0
D27: HTSN: | E27: =E23*VLOOKUP(E24,hts_calculator!$M$14:$N$18,2,FALSE)*VLOOKUP($E25,hts_calculator!$M$20:$N$21,2,FALSE)*VLOOKUP($E26,hts_calculator!$M$9:$N$11,2,FALSE) -> 371.0296 | F27: =F23*VLOOKUP(F24,hts_calculator!$M$14:$N$18,2,FALSE)*VLOOKUP($E25,hts_calculator!$M$20:$N$21,2,FALSE)*VLOOKUP($E26,hts_calculator!$M$9:$N$11,2,FALSE) -> 436.49019 | H27: T | I27: Technical | P27: =+POISSON(Q27,P$26,FALSE) -> 0.12352067 | Q27: 0 | R27: =+POISSON(Q27,R$26,FALSE) -> 0.4869061 | S27: 0 | T27: =+R27*P27 -> 0.060142967 | U27: =+P27-S27-T27 -> 0.0633777 | W27: =+(D16*4-3) -> 50 | X27: =+(E16*4-3) -> 64 | Y27: =+(F16*4-3) -> 64 | AA27: Def | AC27: =+(D20*4-3) -> 53 | AD27: =+(E20*4-3) -> 69 | AE27: =+(F20*4-3) -> 47 | AM27: Other | AN27: O | AO27: =+SUMIFS(AO$5:AO$18,$AX$5:$AX$18,$AN27) -> 0.34694032 | AP27: =+SUMIFS(AP$5:AP$18,$AX$5:$AX$18,$AN27) -> 0.36383568 | AQ27: =+IFERROR(AS27/AO27,"") -> 0.32053792 | AR27: =+IFERROR(AT27/AP27,"") -> 0.29098718 | AS27: =+SUMIFS(AS$5:AS$18,$AX$5:$AX$18,$AN27) -> 0.11120753 | AT27: =+SUMIFS(AT$5:AT$18,$AX$5:$AX$18,$AN27) -> 0.10587152
F28: HTSN is HTS Neutral (adjusted for location, extra time, manmark) | H28: Z | I28: no specialty, or other (Support / Regainer) | P28: =+POISSON(Q28,P$26,FALSE) -> 0.25832455 | Q28: 1 | R28: =+POISSON(Q28,R$26,FALSE) -> 0.35041852 | S28: =+SUM(R$27:R27)*P28 -> 0.1257798 | T28: =+R28*P28 -> 0.090521708 | U28: =+P28-S28-T28 -> 0.042023043 | AM28: All | AN28: All | AO28: =SUM(AO23:AO27) -> 1.0988378 | AP28: =SUM(AP23:AP27) -> 1.7177461 | AQ28: =+IFERROR(AS28/AO28,"") -> 0.3162063 | AR28: =+IFERROR(AT28/AP28,"") -> 0.33518021 | AS28: =SUM(AS23:AS27) -> 0.34745945 | AT28: =SUM(AT23:AT27) -> 0.57575451
P29: =+POISSON(Q29,P$26,FALSE) -> 0.27012311 | Q29: 2 | R29: =+POISSON(Q29,R$26,FALSE) -> 0.1260953 | S29: =+SUM(R$27:R28)*P29 -> 0.22618073 | T29: =+R29*P29 -> 0.034061254 | U29: =+P29-S29-T29 -> 0.0098811237
H30: Notes: | P30: =+POISSON(Q30,P$26,FALSE) -> 0.18830703 | Q30: 3 | R30: =+POISSON(Q30,R$26,FALSE) -> 0.030249589 | S30: =+SUM(R$27:R29)*P30 -> 0.18141875 | T30: =+R30*P30 -> 0.0056962103 | U30: =+P30-S30-T30 -> 0.0011920751 | Z30: Tactic | AA30: Level A | AB30: Level B | AO30: Q stop adjustment factor; 0% means that all Q events get stopped
H31: For a projection, CA rating should be reduced by -0.5 rating points | P31: =+POISSON(Q31,P$26,FALSE) -> 0.098453828 | Q31: 4 | R31: =+POISSON(Q31,R$26,FALSE) -> 0.0054425361 | S31: =+SUM(R$27:R30)*P31 -> 0.097830567 | T31: =+R31*P31 -> 0.00053583851 | U31: =+P31-S31-T31 -> 8.7422106e-05 | Z31: Counter Attacks | AA31: =IF($M$7=Z31,$L$7,0) -> 0 | AB31: =IF($M$8=Z31,$L$8,0) -> 0
H32: for each opposing Q defenders that "cancels out" a Q attacker | P32: =+POISSON(Q32,P$26,FALSE) -> 0.041180219 | Q32: 5 | R32: =+POISSON(Q32,R$26,FALSE) -> 0.00078338121 | S32: =+SUM(R$27:R31)*P32 -> 0.041143653 | T32: =+R32*P32 -> 3.225981e-05 | U32: =+P32-S32-T32 -> 4.3061779e-06 | Z32: Long Shots | AA32: =IF($M$7=Z32,$L$7,0) -> 0 | AB32: =IF($M$8=Z32,$L$8,0) -> 0 | AO32: =B15 -> Team A | AQ32: =IF(J11="Q",IF(M19="Q",0,1+IF(L19="Q",-0.25,0)),"") | AR32: =IF(K11="Q",IF(K19="Q",0,1+IF(L19="Q",-0.25,0)+IF(J19="Q",-0.25,0)),"") | AS32: =IF(L11="Q",IF(I19="Q",0,1+IF(J19="Q",-0.25,0)),"") -> 1
H33: For an already played match, do not adjust (HT does this already in match report). | P33: =+POISSON(Q33,P$26,FALSE) -> 0.014353687 | Q33: 6 | R33: =+POISSON(Q33,R$26,FALSE) -> 9.3964485e-05 | S33: =+SUM(R$27:R32)*P33 -> 0.014352186 | T33: =+R33*P33 -> 1.3487368e-06 | U33: =+P33-S33-T33 -> 1.5221512e-07 | Z33: Play Creatively | AA33: =IF($M$7=Z33,$L$7,0) -> 0 | AB33: =IF($M$8=Z33,$L$8,0) -> 26 | AH33: =IF(AA33*AB33>0,FLOOR(AVERAGE(AA33:AB33),1),MAX(AA33:AB33)) -> 26 | AI33: =MIN(AA33*AB33,0.4)+1 -> 1 | AO33: =SUM(AP32:AT33)/AL5 -> 1 | AP33: =IF(I12="Q",IF(M19="Q",0,1+IF(L19="Q",-0.25,0)),"") | AQ33: =IF(J12="Q",IF(L19="Q",0,1+IF(K19="Q",-0.25,0)+IF(M19="Q",-0.25,0)),"") | AR33: =IF(K12="Q",IF(K19="Q",0,1+IF(L19="Q",-0.25,0)+IF(J19="Q",-0.25,0)),"") | AS33: =IF(L12="Q",IF(J19="Q",0,1+IF(I19="Q",-0.25,0)+IF(K19="Q",-0.25,0)),"") -> 1 | AT33: =IF(M12="Q",IF(I19="Q",0,1+IF(J19="Q",-0.25,0)),"") -> 1
P34: =+POISSON(Q34,P$26,FALSE) -> 0.0042883623 | Q34: 7 | R34: =+POISSON(Q34,R$26,FALSE) -> 9.6606764e-06 | S34: =+SUM(R$27:R33)*P34 -> 0.0042883169 | T34: =+R34*P34 -> 4.1428481e-08 | U34: =+P34-S34-T34 -> 4.0478906e-09 | Z34: Pressing | AA34: =IF($M$7=Z34,$L$7,0) -> 0 | AB34: =IF($M$8=Z34,$L$8,0) -> 0
D35: 27 | P35: =+POISSON(Q35,P$26,FALSE) -> 0.0011210566 | Q35: 8 | R35: =+POISSON(Q35,R$26,FALSE) -> 8.6907925e-07 | S35: =+SUM(R$27:R34)*P35 -> 0.0011210555 | T35: =+R35*P35 -> 9.7428703e-10 | U35: =+P35-S35-T35 -> 8.3905845e-11 | Z35: Attack on Wings | AA35: =IF($M$7=Z35,$L$7,0) -> 0 | AB35: =IF($M$8=Z35,$L$8,0) -> 0 | AO35: =B19 -> Team B | AQ35: =IF(J17="Q",IF(M13="Q",0,1+IF(L13="Q",-0.25,0)),"") | AR35: =IF(K17="Q",IF(K13="Q",0,1+IF(L13="Q",-0.25,0)+IF(J13="Q",-0.25,0)),"") | AS35: =IF(L17="Q",IF(I13="Q",0,1+IF(J13="Q",-0.25,0)),"") -> 1
P36: =+POISSON(Q36,P$26,FALSE) -> 0.00026050201 | Q36: 9 | R36: =+POISSON(Q36,R$26,FALSE) -> 6.9495824e-08 | S36: =+SUM(R$27:R35)*P36 -> 0.00026050199 | T36: =+R36*P36 -> 1.8103802e-11 | U36: =+P36-S36-T36 -> 1.3935557e-12 | Z36: Attack in Middle | AA36: =IF($M$7=Z36,$L$7,0) -> 0 | AB36: =IF($M$8=Z36,$L$8,0) -> 0 | AO36: =SUM(AP35:AT36)/AM5 -> 1 | AP36: =IF(I18="Q",IF(M13="Q",0,1+IF(L13="Q",-0.25,0)),"") -> 1 | AQ36: =IF(J18="Q",IF(L13="Q",0,1+IF(K13="Q",-0.25,0)+IF(M13="Q",-0.25,0)),"") | AR36: =IF(K18="Q",IF(K13="Q",0,1+IF(L13="Q",-0.25,0)+IF(J13="Q",-0.25,0)),"") | AS36: =IF(L18="Q",IF(J13="Q",0,1+IF(I13="Q",-0.25,0)+IF(K13="Q",-0.25,0)),"") | AT36: =IF(M18="Q",IF(I13="Q",0,1+IF(J13="Q",-0.25,0)),"") -> 1
P37: =1-POISSON(Q36,P$26,TRUE) -> 6.6983765e-05 | Q37: 10 | R37: =1-POISSON(Q36,R$26,TRUE) -> 5.3495006e-09 | S37: =+SUM(R$27:R36)*P37 -> 6.6983765e-05 | T37: =+R37*P37 -> 3.5832969e-13 | U37: =+P37-S37-T37 -> 5.8349155e-21
Q38: League | S38: =+SUM(S27:S37) -> 0.69244254 | T38: =+SUM(T27:T37) -> 0.19099163 | U38: =+SUM(U27:U37) -> 0.11656583

Sheet lkup_simul
A1: Updated Nov 2023 | N1: LS | O1: match | P1: event | Q1: goal | S1: Conv% | AZ1: assumes 3 missed chances per match | BA1: actual freq per match | BB1: TacticSkill | BC1: E_CA | BD1: Opp_E_NormalMissed | BE1: % CA | BF1: Selected | BH1: CA lkup | BI1: CA %conv | DA1: CORNER HEAD | DE1: CORNER HEAD | EX1: (no tactic) | FZ1: Percent | GA1: Yes | GD1: 2 | GE1: 3 | GF1: 4 | GG1: 5 | GI1: # Tech D | GJ1: MNC | GK1: T CA | GL1: CA% | GM1: Select | GP1: actual poss | GQ1: linear poss | GR1: y/x | GS1: x=10 | GT1: y | GU1: linear | GV1: actual | GX1: chance of draw in the cup | HD1: determine odds to win PKs
N2: 0 | R2: 0.11 | AA2: 0 | AC2: Tac Skill | AD2: Select | AH2: 1 | AI2: =+AH2 -> 1 | BA2: 0.042 | BB2: 2D | BF2: =+BA2/3 -> 0.014 | BH2: 2D | BI2: 0.018111516 | DP2: se players | DQ2: factor | DR2: C-H factor | DU2: =DU3&DU4&DU5&DU6&DU7&DU8&DU9&DU10&DU11&DU12&DU13 -> 0:0,1:1,2:1.934,3:2.826,4:3.7,5:4.53,6:5.328,7:6.09,8:6.816,9:7.506,10:8.16, | DY2: ISP Gap | DZ2: Conv% | EB2: K Stars | EC2: K Factor | EX2: Counter Attacks | FP2: LS | FQ2: % pressed | FS2: Pressing | FT2: adj | FW2: Z | FX2: Z | FZ2: Ratings | GA2: No | GC2: Total | GD2: 0.018111516 | GE2: 0.036575107 | GF2: 0.060231577 | GG2: 0.074636837 | GI2: 1 | GJ2: 774240 | GK2: 5193 | GL2: 0.0067072226 | GM2: =+GL2 -> 0.0067072226 | GP2: 0 | GQ2: 0 | GR2: =(1/GP2-1)^(1/3) -> #DIV/0! | GS2: 10 | GT2: =+GS2*(1-GQ2)/GQ2 -> #DIV/0! | GU2: =+GS2/(GT2+GS2) -> #DIV/0! | GV2: =+GS2^3/(GS2^3+GT2^3) -> #DIV/0! | GX2: multiply the two factors together | HD2: after 120'
N3: 1 | O3: 2788 | P3: 5737 | Q3: 182 | R3: =S3 -> 0.038732394 | S3: 0.038732394 | AA3: 1 | AC3: No PC | AD3: 1 | AH3: =AH4-0.08 -> 1.1 | AI3: =+AH3 -> 1.1 | BA3: 0.097 | BB3: 3D | BF3: =+BA3/3 -> 0.032333333 | BH3: 3D | BI3: 0.036575107 | BY3: long shots | DP3: 0 | DQ3: 0 | DR3: 0 | DS3: 0 | DT3: 0 | DU3: =DP3&":"&DS3&"," -> 0:0, | DV3: -99 | DX3: -38.5 | DY3: -99 | DZ3: 0.22 | EB3: 0 | EC3: 1.37 | EM3: Conv non-LS | EN3: 7 | EO3: 8 | EP3: 9 | EQ3: 10 | EX3: Long Shots | FA3: CA count | FB3: 2 | FC3: 3 | FD3: 4 | FE3: 5 | FF3: Total | FH3: Press Tactic Skill | FI3: Match | FJ3: Press% | FK3: Freq LS Press | FL3: Freq Long Shot | FM3: Avg Points LS Team | FN3: Avg LS Tactic Skill | FP3: 0 | FQ3: 0 | FS3: 0 | FT3: 0 | FW3: Q | FX3: Q | GC3: 1 | GD3: 0.01147977 | GE3: 0.019126739 | GF3: 0.041626331 | GG3: 0.045116773 | GI3: 2 | GJ3: 122896 | GK3: 1087 | GL3: 0.008844877 | GM3: =+GL3 -> 0.008844877 | GN3: =+GM3/GM$2 -> 1.3187093 | GP3: =+ROUND(GP2+1%,2) -> 0.01 | GQ3: =1/(1+GR3) -> 0.17774412 | GR3: =(1/GP3-1)^(1/3) -> 4.626065 | GS3: 10 | GT3: =+GS3*(1-GQ3)/GQ3 -> 46.26065 | GU3: =+GS3/(GT3+GS3) -> 0.17774412 | GV3: =+GS3^3/(GS3^3+GT3^3) -> 0.01 | GX3: first factor is the average xG of the teams | HD3: based on gap in ISP Attack rating
N4: 3 | O4: 3118 | P4: 5267 | Q4: 273 | R4: =S4 -> 0.050018389 | S4: 0.050018389 | W4: 0_0 | X4: 0 | Y4: 0 | AA4: =+AA3+1 -> 2 | AC4: <7 | AH4: =AH5-0.08 -> 1.18 | AI4: =+AH4 -> 1.18 | AJ4: Freq | AK4: Player A | AL4: Player B | AM4: % Event A | AN4: Freq A | AO4: Freq B | BA4: 0.203 | BB4: 4D | BF4: =+BA4/3 -> 0.067666667 | BH4: 4D | BI4: 0.060231577 | BY4: TacticSkill | BZ4: Normal | CA4: LS | CB4: LS N-T | CC4: % LS | CD4: % LS N-T | CE4: select | CI4: AIM Rating | CJ4: E_Att_Mid | CK4: E_Att_Wing | CL4: E_AIM_AOW | CM4: % Mid | CN4: % Convert | CO4: select | CR4: AOW Rating | CS4: E_Att_Mid | CT4: E_Att_Wing | CU4: E_AIM_AOW | CV4: % Wing | CW4: % Convert | CX4: select | DA4: Head gap | DB4: Conv% | DE4: ISP gap | DF4: ISP factor | DH4: ISP gap | DI4: ISP Factor | DJ4: calc steps | DK4: calc steps | DL4: calc steps | DM4: calc steps | DN4: calc steps | DP4: 1 | DQ4: 1 | DR4: =DT4/DP4 -> 1 | DS4: =$DP4*DQ4 -> 1 | DT4: 1 | DU4: =DP4&":"&DS4&"," -> 1:1, | DV4: -40 | DX4: =DY4+1.5 -> -34.5 | DY4: -36 | DZ4: 0.25 | EB4: 3.5 | EC4: 1.33 | EE4: ISP gap | EF4: ISP Factor | EG4: calc steps | EH4: calc steps | EI4: calc steps | EJ4: calc steps | EK4: calc steps | EM4: -4 | EQ4: 0.47 | ES4: =EN14/EN4-1 -> #DIV/0! | ET4: =EO14/EO4-1 -> #DIV/0! | EU4: =EP14/EP4-1 -> #DIV/0! | EV4: =EQ14/EQ4-1 -> 0.36170213 | EX4: Play Creatively | FA4: 0 | FB4: 0.96 | FC4: 0.91 | FD4: 0.81 | FE4: 0.74 | FF4: 0.87 | FH4: New | FI4: 888 | FJ4: 0.52 | FK4: 0.9 | FL4: 0.85 | FM4: 1.97 | FN4: 18.8 | FP4: 1 | FQ4: =FQ5+0.5% -> 0.565 | FS4: 1 | FT4: 0.9 | FW4: H | FX4: H | GC4: 5 | GD4: 0.009483667 | GE4: 0.021601988 | GF4: 0.03784693 | GG4: 0.062234795 | GI4: 3 | GJ4: 14499 | GK4: 159 | GL4: 0.010966274 | GM4: =+GM2*1.6 -> 0.010731556 | GN4: =+GM4/GM$2 -> 1.6 | GP4: =+ROUND(GP3+1%,2) -> 0.02 | GQ4: =1/(1+GR4) -> 0.21462425 | GR4: =(1/GP4-1)^(1/3) -> 3.6593057 | GS4: 10 | GT4: =+GS4*(1-GQ4)/GQ4 -> 36.593057 | GU4: =+GS4/(GT4+GS4) -> 0.21462425 | GV4: =+GS4^3/(GS4^3+GT4^3) -> 0.02 | GX4: second factor is the gap in xG | HD4: which correlates with set pieces
N5: 4 | O5: 4039 | P5: 5620 | Q5: 437 | R5: =S5 -> 0.06527977 | S5: 0.06527977 | W5: 0_1 | X5: 0 | Y5: 0 | AA5: =+AA4+1 -> 3 | AC5: 7 | AD5: 1.58 | AH5: =AH6-0.08 -> 1.26 | AI5: =+AH5 -> 1.26 | BA5: 0.292 | BB5: 5D | BF5: =+BA5/3 -> 0.097333333 | BH5: 5D | BI5: 0.074636837 | BM5: EventName | BN5: E | BO5: CA | BP5: Normal | BQ5: Normal (remove PK & LS) | BS5: EventName | BT5: E | BU5: % | BV5: % no LS_NT | BY5: 2 | BZ5: 20 | CA5: 1 | CB5: 0 | CC5: =CA5/(BZ5+CA5) -> 0.047619048 | CD5: 0 | CE5: =CE6-1.5% -> 0.035 | CF5: =CF6-0.025% -> 0.00425 | CH5: 1 | CI5: <17 | CJ5: 631 | CK5: 441 | CL5: 189 | CM5: 0.59 | CN5: =CL5/(CK5+CL5) -> 0.3 | CO5: 0.3 | CQ5: 1 | CR5: <14 | CS5: 229 | CT5: 618 | CU5: 147 | CV5: 0.73 | CW5: 0.39 | CX5: 0.39 | DA5: -11 | DB5: 0 | DD5: =-46-0.5 -> -46.5 | DE5: <-44 | DF5: 0.406 | DH5: -99 | DI5: 0.4 | DP5: 2 | DQ5: 0.967 | DR5: =DT5/DP5 -> 1.125 | DS5: =$DP5*DQ5 -> 1.934 | DT5: 2.25 | DU5: =DP5&":"&DS5&"," -> 2:1.934, | DV5: 0.39 | DX5: =DY5+1.5 -> -30.5 | DY5: -32 | DZ5: 0.28 | EB5: 4 | EC5: 1.29 | EE5: -99 | EF5: =EF6-(EF7-EF6) -> 0.20125 | EM5: 0 | EO5: 0.55 | EP5: 0.54 | EQ5: 0.46 | ES5: =EN15/EN5-1 -> #DIV/0! | ET5: =EO15/EO5-1 -> 0.25454545 | EU5: =EP15/EP5-1 -> 0.22222222 | EV5: =EQ15/EQ5-1 -> 0.63043478 | EX5: Pressing | FA5: 1 | FB5: 0.04 | FC5: 0.09 | FD5: 0.17 | FE5: 0.23 | FF5: 0.12 | FH5: <6 | FI5: 113 | FJ5: 0.48 | FK5: 0.96 | FL5: 1.05 | FM5: 2.26 | FN5: 17.5 | FP5: 8 | FQ5: 0.56 | FS5: 5 | FT5: =FT4+0.025 -> 0.925 | FW5: H+SP | FX5: H+SP | GC5: 5.5 | GD5: 0.011168663 | GE5: 0.027821317 | GF5: 0.048299845 | GG5: 0.059481903 | GI5: 4 | GJ5: 1150 | GK5: 15 | GL5: 0.013043478 | GM5: =+GM2*1.8 -> 0.012073001 | GN5: =+GM5/GM$2 -> 1.8 | GP5: =+ROUND(GP4+1%,2) -> 0.03 | GQ5: =1/(1+GR5) -> 0.23890366 | GR5: =(1/GP5-1)^(1/3) -> 3.1857877 | GS5: 10 | GT5: =+GS5*(1-GQ5)/GQ5 -> 31.857877 | GU5: =+GS5/(GT5+GS5) -> 0.23890366 | GV5: =+GS5^3/(GS5^3+GT5^3) -> 0.03 | HD5: ISP Att Gap | HE5: Win% PK
A6: isp | G6: Pressing | H6: opp normal | I6: opp LS | N6: 5 | O6: 4434 | P6: 5492 | Q6: 611 | R6: =S6 -> 0.087556126 | S6: 0.087556126 | W6: 0_2 | X6: 0 | Y6: 0 | AA6: =+AA5+1 -> 4 | AC6: 8 | AD6: 1.66 | AH6: =AH7-0.08 -> 1.34 | AI6: =+AH6 -> 1.34 | BH6: 0 | BI6: =IF(MOD(BH6*2,2)=1,AVERAGE(BI5,BI7),VLOOKUP(BH6,$BB:$BF,5,FALSE)) -> 0 | BM6: ChanceDFK | BN6: 5754 | BO6: 0.084 | BP6: 0.06 | BQ6: 0.061 | BS6: ChanceDFK | BT6: 54345 | BU6: 0.0596 | BV6: 0.06 | BY6: 3 | BZ6: 6 | CA6: 0 | CB6: 0 | CC6: =CA6/(BZ6+CA6) -> 0 | CD6: 0 | CE6: =CE7-1.5% -> 0.05 | CF6: =CF7-0.025% -> 0.0045 | CH6: =CI6 -> 17 | CI6: 17 | CJ6: 471 | CK6: 283 | CL6: 155 | CM6: 0.62 | CN6: =CL6/(CK6+CL6) -> 0.35388128 | CO6: 0.33 | CQ6: =CR6 -> 14 | CR6: 14 | CS6: 195 | CT6: 620 | CU6: 146 | CV6: 0.76 | CW6: 0.43 | CX6: 0.43 | DA6: -6 | DB6: 0.013 | DD6: =+AVERAGE(DE6,DE7)-0.5 -> -42.5 | DE6: -44 | DF6: 0.473 | DH6: -46 | DI6: =DL6*DN6+DM6*(1-DL6) -> 0.414375 | DJ6: =VLOOKUP(DH6,$DD$5:$DD$24,1,TRUE) -> -46.5 | DK6: =VLOOKUP(DH6,$DD$5:$DD$24,1,TRUE)+4 -> -42.5 | DL6: =(DH6-DJ6)/(DK6-DJ6) -> 0.125 | DM6: =VLOOKUP(DJ6,$DD$5:$DF$24,3,FALSE) -> 0.406 | DN6: =VLOOKUP(DK6,$DD$5:$DF$24,3,FALSE) -> 0.473 | DP6: =DP5+1 -> 3 | DQ6: 0.942 | DR6: =DT6/DP6 -> 1.1166667 | DS6: =$DP6*DQ6 -> 2.826 | DT6: 3.35 | DU6: =DP6&":"&DS6&"," -> 3:2.826, | DX6: =DY6+1.5 -> -26.5 | DY6: -28 | DZ6: 0.31 | EB6: 4.5 | EC6: 1.25 | EE6: -40 | EF6: =EF7-(EF8-EF7) -> 0.20875 | EG6: =VLOOKUP(EE6,$DD$5:$DD$24,1,TRUE) -> -42.5 | EH6: =VLOOKUP(EE6,$DD$5:$DD$24,1,TRUE)+4 -> -38.5 | EI6: =(EE6-EG6)/(EH6-EG6) -> 0.625 | EJ6: =VLOOKUP(EG6,$DX$3:$DZ$19,3,FALSE) -> #N/A | EK6: =VLOOKUP(EH6,$DX$3:$DZ$19,3,FALSE) -> 0.22 | EM6: 4 | EN6: 0.63 | EO6: 0.57 | EP6: 0.54 | EQ6: 0.5 | ES6: =EN16/EN6-1 -> 0.22222222 | ET6: =EO16/EO6-1 -> 0.19298246 | EU6: =EP16/EP6-1 -> 0.35185185 | EV6: =EQ16/EQ6-1 -> 0.58 | EX6: Attack on Wings | FA6: 2 | FB6: 0.001 | FC6: 0.004 | FD6: 0.02 | FE6: 0.03 | FF6: 0.01 | FH6: 7 | FI6: 176 | FJ6: 0.52 | FK6: 1.01 | FL6: 0.94 | FM6: 1.98 | FN6: 18 | FP6: =FP5+1 -> 9 | FQ6: =+FQ5-0.005 -> 0.555 | FS6: 6 | FT6: =FT5+0.025 -> 0.95 | FW6: U | FX6: U | GC6: 6 | GD6: 0.014085177 | GE6: 0.029836417 | GF6: 0.04933168 | GG6: 0.067303006 | GI6: 5 | GJ6: 142 | GK6: 2 | GL6: 0.014084507 | GM6: =+GM2*1.95 -> 0.013079084 | GN6: =+GM6/GM$2 -> 1.95 | GP6: =+ROUND(GP5+1%,2) -> 0.04 | GQ6: =1/(1+GR6) -> 0.25743345 | GR6: =(1/GP6-1)^(1/3) -> 2.8844991 | GS6: 10 | GT6: =+GS6*(1-GQ6)/GQ6 -> 28.844991 | GU6: =+GS6/(GT6+GS6) -> 0.25743345 | GV6: =+GS6^3/(GS6^3+GT6^3) -> 0.04 | GX6: avg xg | GY6: draw % | HA6: gap xg | HB6: adj factor | HD6: 0 | HE6: 0.5
A7: Att - Def | B7: select | D7: PDIM | E7: % stopped | G7: Tactic Skill | H7: select | J7: Matches | K7: Press Events | L7: Event Per Match | N7: 6 | O7: 5497 | P7: 6110 | Q7: 889 | R7: =S7 -> 0.1081951 | S7: 0.1081951 | W7: 0_3 | X7: 0 | Y7: 0 | AA7: =+AA6+1 -> 5 | AC7: 9 | AD7: 1.72 | AH7: =AH8-0.08 -> 1.42 | AI7: =+AH7 -> 1.42 | BB7: 0 | BF7: 0 | BH7: =BH6+1 -> 1 | BI7: =IF(MOD(BH7*2,2)=1,AVERAGE(BI6,BI8),VLOOKUP(BH7,$BB:$BF,5,FALSE)) -> 0.025 | BM7: ChanceIFK | BN7: 2856 | BO7: 0.041 | BP7: 0.041 | BQ7: 0.043 | BS7: ChanceIFK | BT7: 37583 | BU7: 0.0412 | BV7: 0.0415 | BY7: 4 | CC7: =CA7/(BZ7+CA7) -> #DIV/0! | CE7: =CE8-1.5% -> 0.065 | CF7: =CF8-0.025% -> 0.00475 | CH7: =CI7 -> 18 | CI7: 18 | CJ7: 792 | CK7: 440 | CL7: 265 | CM7: 0.64 | CN7: =CL7/(CK7+CL7) -> 0.37588652 | CO7: 0.34 | CQ7: =CR7 -> 15 | CR7: 15 | CS7: 354 | CT7: 1162 | CU7: 274 | CV7: 0.77 | CW7: 0.44 | CX7: =CX6+1% -> 0.44 | DA7: -5 | DB7: 0.034 | DD7: =+AVERAGE(DE7,DE8)-0.5 -> -38.5 | DE7: -40 | DF7: 0.54 | DH7: =DH6+1 -> -45 | DI7: =DL7*DN7+DM7*(1-DL7) -> 0.431125 | DJ7: =VLOOKUP(DH7,$DD$5:$DD$24,1,TRUE) -> -46.5 | DK7: =VLOOKUP(DH7,$DD$5:$DD$24,1,TRUE)+4 -> -42.5 | DL7: =(DH7-DJ7)/(DK7-DJ7) -> 0.375 | DM7: =VLOOKUP(DJ7,$DD$5:$DF$24,3,FALSE) -> 0.406 | DN7: =VLOOKUP(DK7,$DD$5:$DF$24,3,FALSE) -> 0.473 | DP7: =DP6+1 -> 4 | DQ7: 0.925 | DR7: =DT7/DP7 -> 1.1125 | DS7: =$DP7*DQ7 -> 3.7 | DT7: 4.45 | DU7: =DP7&":"&DS7&"," -> 4:3.7, | DX7: =DY7+1.5 -> -22.5 | DY7: -24 | DZ7: 0.34 | EB7: 5 | EC7: 1.2 | EE7: =EE6+1 -> -39 | EF7: =EF8-(EF9-EF8) -> 0.21625 | EG7: =VLOOKUP(EE7,$DD$5:$DD$24,1,TRUE) -> -42.5 | EH7: =VLOOKUP(EE7,$DD$5:$DD$24,1,TRUE)+4 -> -38.5 | EI7: =(EE7-EG7)/(EH7-EG7) -> 0.875 | EJ7: =VLOOKUP(EG7,$DX$3:$DZ$19,3,FALSE) -> #N/A | EK7: =VLOOKUP(EH7,$DX$3:$DZ$19,3,FALSE) -> 0.22 | EM7: 8 | EN7: 0.63 | EO7: 0.59 | EP7: 0.59 | EQ7: 0.54 | ES7: =EN17/EN7-1 -> 0.23809524 | ET7: =EO17/EO7-1 -> 0.13559322 | EU7: =EP17/EP7-1 -> 0.18644068 | EV7: =EQ17/EQ7-1 -> 0.40740741 | EX7: Attack in Middle | FA7: 3 | FB7: 0 | FC7: 0 | FD7: 0.001 | FE7: 0 | FF7: 0 | FH7: 8 | FI7: 193 | FJ7: 0.51 | FK7: 0.96 | FL7: 0.93 | FM7: 1.99 | FN7: 18.9 | FP7: =FP6+1 -> 10 | FQ7: =+FQ6-0.005 -> 0.55 | FS7: 7 | FT7: =FT6+0.025 -> 0.975 | FW7: T | FX7: T | GC7: 6.5 | GD7: 0.01656478 | GE7: 0.03301901 | GF7: 0.056380413 | GG7: 0.071622166 | GI7: 0 | GL7: 0 | GM7: 0 | GP7: =+ROUND(GP6+1%,2) -> 0.05 | GQ7: =1/(1+GR7) -> 0.27259829 | GR7: =(1/GP7-1)^(1/3) -> 2.6684016 | GS7: 10 | GT7: =+GS7*(1-GQ7)/GQ7 -> 26.684016 | GU7: =+GS7/(GT7+GS7) -> 0.27259829 | GV7: =+GS7^3/(GS7^3+GT7^3) -> 0.05 | GX7: 0 | GY7: 0.67883212 | HA7: 0 | HB7: 1.0598356 | HD7: 1 | HE7: 0.53
A8: -99 | B8: 0 | D8: 0 | E8: 0 | G8: 2 | H8: 0 | J8: 3 | K8: 0 | L8: 0 | N8: 7 | O8: 5823 | P8: 5753 | Q8: 1070 | R8: =S8 -> 0.13779883 | S8: 0.13779883 | U8: PNFs | V8: CDs | W8: PNF_CD | X8: freq missed chance | Y8: freq missed chance | AA8: =+AA7+1 -> 6 | AC8: 10 | AD8: 1.77 | AH8: =AH9-0.08 -> 1.5 | AI8: =+AH8 -> 1.5 | BB8: 1 | BF8: =BF9-0.5% -> 0.025 | BH8: =BH7+1 -> 2 | BI8: =IF(MOD(BH8*2,2)=1,AVERAGE(BI7,BI9),VLOOKUP(BH8,$BB:$BF,5,FALSE)) -> 0.03 | BM8: ChanceLeft | BN8: 17864 | BO8: 0.259 | BP8: 0.255 | BQ8: 0.263 | BS8: ChanceLSNonTactic | BT8: 5334 | BU8: 0.0059 | BY8: 5 | BZ8: 20 | CA8: 1 | CB8: 0 | CC8: =CA8/(BZ8+CA8) -> 0.047619048 | CD8: 0 | CE8: =CE9-1.5% -> 0.08 | CF8: =CF9-0.025% -> 0.005 | CH8: =CI8 -> 19 | CI8: 19 | CJ8: 805 | CK8: 531 | CL8: 257 | CM8: 0.6 | CN8: =CL8/(CK8+CL8) -> 0.32614213 | CO8: 0.35 | CQ8: =CR8 -> 16 | CR8: 16 | CS8: 403 | CT8: 1413 | CU8: 338 | CV8: 0.78 | CW8: 0.46 | CX8: =CX7+1% -> 0.45 | DA8: -4 | DB8: 0.068 | DD8: =+AVERAGE(DE8,DE9)-0.5 -> -34.5 | DE8: -36 | DF8: 0.607 | DH8: =DH7+1 -> -44 | DI8: =DL8*DN8+DM8*(1-DL8) -> 0.447875 | DJ8: =VLOOKUP(DH8,$DD$5:$DD$24,1,TRUE) -> -46.5 | DK8: =VLOOKUP(DH8,$DD$5:$DD$24,1,TRUE)+4 -> -42.5 | DL8: =(DH8-DJ8)/(DK8-DJ8) -> 0.625 | DM8: =VLOOKUP(DJ8,$DD$5:$DF$24,3,FALSE) -> 0.406 | DN8: =VLOOKUP(DK8,$DD$5:$DF$24,3,FALSE) -> 0.473 | DP8: =DP7+1 -> 5 | DQ8: 0.906 | DR8: =DT8/DP8 -> 1.11 | DS8: =$DP8*DQ8 -> 4.53 | DT8: 5.55 | DU8: =DP8&":"&DS8&"," -> 5:4.53, | DX8: =DY8+1.5 -> -18.5 | DY8: -20 | DZ8: 0.38 | EB8: 5.5 | EC8: 1.16 | EE8: =EE7+1 -> -38 | EF8: =EI8*EK8+EJ8*(1-EI8) -> 0.22375 | EG8: =VLOOKUP(EE8,$DD$5:$DD$24,1,TRUE) -> -38.5 | EH8: =VLOOKUP(EE8,$DD$5:$DD$24,1,TRUE)+4 -> -34.5 | EI8: =(EE8-EG8)/(EH8-EG8) -> 0.125 | EJ8: =VLOOKUP(EG8,$DX$3:$DZ$19,3,FALSE) -> 0.22 | EK8: =VLOOKUP(EH8,$DX$3:$DZ$19,3,FALSE) -> 0.25 | EM8: 12 | EN8: 0.63 | EO8: 0.65 | EP8: 0.53 | ES8: =EN18/EN8-1 -> 0.20634921 | ET8: =EO18/EO8-1 -> 0.2 | EU8: =EP18/EP8-1 -> 0.47169811 | EV8: =EQ18/EQ8-1 -> #DIV/0! | FA8: Total | FB8: 1 | FC8: 1 | FD8: 1 | FE8: 1 | FF8: 1 | FH8: 9 | FI8: 174 | FJ8: 0.51 | FK8: 0.75 | FL8: 0.72 | FM8: 2.02 | FN8: 19.2 | FP8: =FP7+1 -> 11 | FQ8: =+FQ7-0.005 -> 0.545 | FS8: 8 | FT8: =FT7+0.025 -> 1 | FW8: PNF | FX8: PDIM | GC8: 7 | GD8: 0.017839069 | GE8: 0.035349982 | GF8: 0.059962984 | GG8: 0.078311846 | GP8: =+ROUND(GP7+1%,2) -> 0.06 | GQ8: =1/(1+GR8) -> 0.28553316 | GR8: =(1/GP8-1)^(1/3) -> 2.5022202 | GS8: 10 | GT8: =+GS8*(1-GQ8)/GQ8 -> 25.022202 | GU8: =+GS8/(GT8+GS8) -> 0.28553316 | GV8: =+GS8^3/(GS8^3+GT8^3) -> 0.06 | GX8: 0.75 | GY8: 0.61044177 | HA8: 0.1 | HB8: 1.0532633 | HD8: 2 | HE8: 0.56061153
A9: -29 | B9: 0 | D9: 1 | E9: 0.064653157 | G9: 3 | H9: 0.23404255 | J9: 94 | K9: 22 | L9: 0.23404255 | N9: 8 | O9: 0.16172458 | P9: 0.16172458 | Q9: 0.16172458 | R9: =S9 -> 0.16172458 | S9: 0.16172458 | U9: 1 | V9: 0 | W9: 1_0 | X9: 0.095086403 | Y9: 0.1 | AA9: =+AA8+1 -> 7 | AC9: 11 | AD9: 1.82 | AH9: =AD5 -> 1.58 | AI9: =+AH9 -> 1.58 | AK9: Poss% | AL9: DFK | AM9: PK | AN9: IFK | AO9: SP | AS9: conv | AT9: opp_conv | AU9: Match | AV9: NEventChanceDFK | AW9: Opp_NEventChanceDFK | AX9: N1EventChanceDFK | AY9: Opp_N1EventChanceDFK | BB9: 2 | BF9: =BF10-0.5% -> 0.03 | BH9: =BH8+1 -> 3 | BI9: =IF(MOD(BH9*2,2)=1,AVERAGE(BI8,BI10),VLOOKUP(BH9,$BB:$BF,5,FALSE)) -> 0.035 | BM9: ChanceMid | BN9: 24609 | BO9: 0.357 | BP9: 0.36 | BQ9: 0.371 | BS9: ChanceLeft | BT9: 232106 | BU9: 0.2547 | BV9: 0.2562 | BY9: 6 | BZ9: 26 | CA9: 5 | CB9: 0 | CC9: =CA9/(BZ9+CA9) -> 0.16129032 | CD9: 0 | CE9: =CE10-1.5% -> 0.095 | CF9: =CF10-0.025% -> 0.00525 | CH9: =CI9 -> 20 | CI9: 20 | CJ9: 1242 | CK9: 743 | CL9: 413 | CM9: 0.63 | CN9: =CL9/(CK9+CL9) -> 0.35726644 | CO9: =CO8+1.5% -> 0.365 | CQ9: =CR9 -> 17 | CR9: 17 | CS9: 601 | CT9: 2023 | CU9: 501 | CV9: 0.77 | CW9: 0.45 | CX9: =CX8+1% -> 0.46 | DA9: -3 | DB9: 0.092 | DD9: =+AVERAGE(DE9,DE10)-0.5 -> -30.5 | DE9: -32 | DF9: 0.674 | DH9: =DH8+1 -> -43 | DI9: =DL9*DN9+DM9*(1-DL9) -> 0.464625 | DJ9: =VLOOKUP(DH9,$DD$5:$DD$24,1,TRUE) -> -46.5 | DK9: =VLOOKUP(DH9,$DD$5:$DD$24,1,TRUE)+4 -> -42.5 | DL9: =(DH9-DJ9)/(DK9-DJ9) -> 0.875 | DM9: =VLOOKUP(DJ9,$DD$5:$DF$24,3,FALSE) -> 0.406 | DN9: =VLOOKUP(DK9,$DD$5:$DF$24,3,FALSE) -> 0.473 | DP9: =DP8+1 -> 6 | DQ9: 0.888 | DR9: =DT9/DP9 -> 1.1083333 | DS9: =$DP9*DQ9 -> 5.328 | DT9: 6.65 | DU9: =DP9&":"&DS9&"," -> 6:5.328, | DX9: =DY9+1.5 -> -14.5 | DY9: -16 | DZ9: 0.41 | EB9: 6 | EC9: 1.13 | EE9: =EE8+1 -> -37 | EF9: =EI9*EK9+EJ9*(1-EI9) -> 0.23125 | EG9: =VLOOKUP(EE9,$DD$5:$DD$24,1,TRUE) -> -38.5 | EH9: =VLOOKUP(EE9,$DD$5:$DD$24,1,TRUE)+4 -> -34.5 | EI9: =(EE9-EG9)/(EH9-EG9) -> 0.375 | EJ9: =VLOOKUP(EG9,$DX$3:$DZ$19,3,FALSE) -> 0.22 | EK9: =VLOOKUP(EH9,$DX$3:$DZ$19,3,FALSE) -> 0.25 | FA9: % match | FB9: 0.1 | FC9: 0.53 | FD9: 0.25 | FE9: 0.12 | FF9: 1 | FH9: 10 | FI9: 107 | FJ9: 0.54 | FK9: 0.88 | FL9: 0.74 | FM9: 1.79 | FN9: 19.8 | FP9: =FP8+1 -> 12 | FQ9: =+FQ8-0.005 -> 0.54 | FS9: 9 | FT9: =FT8+0.025 -> 1.025 | GC9: 7.5 | GD9: 0.018879799 | GE9: 0.037731658 | GF9: 0.062813647 | GG9: 0.079141863 | GP9: =+ROUND(GP8+1%,2) -> 0.07 | GQ9: =1/(1+GR9) -> 0.29687369 | GR9: =(1/GP9-1)^(1/3) -> 2.3684359 | GS9: 10 | GT9: =+GS9*(1-GQ9)/GQ9 -> 23.684359 | GU9: =+GS9/(GT9+GS9) -> 0.29687369 | GV9: =+GS9^3/(GS9^3+GT9^3) -> 0.07 | GX9: 1 | GY9: 0.55282555 | HA9: 0.2 | HB9: 1.0465657 | HD9: 3 | HE9: 0.59909763
A10: -28 | B10: 0 | D10: 2 | E10: 0.097225318 | G10: 4 | H10: 0.68370884 | J10: 1154 | K10: 789 | L10: 0.68370884 | N10: 9 | O10: 6376 | P10: 5875 | Q10: 1443 | R10: =S10 -> 0.18375408 | S10: 0.18375408 | U10: 1 | V10: 1 | W10: 1_1 | X10: 0.064030648 | Y10: 0 | AA10: 8 | AC10: 12 | AD10: 1.8616769 | AH10: =AD6 -> 1.66 | AI10: =+AH10 -> 1.66 | AK10: 0-4% | AL10: 0.27705628 | AM10: 0.0086580087 | AN10: 0.11255411 | AO10: 0.3982684 | AR10: 0 | AS10: 0.23186528 | AT10: 0.45161921 | AU10: 64268 | AV10: 3860 | AW10: 15347 | AX10: 895 | AY10: 6931 | BB10: 3 | BF10: =BF11-0.5% -> 0.035 | BH10: =BH9+1 -> 4 | BI10: =IF(MOD(BH10*2,2)=1,AVERAGE(BI9,BI11),VLOOKUP(BH10,$BB:$BF,5,FALSE)) -> 0.04 | BM10: ChanceRight | BN10: 17806 | BO10: 0.258 | BP10: 0.255 | BQ10: 0.263 | BS10: ChanceMid | BT10: 327717 | BU10: 0.3596 | BV10: 0.3617 | BY10: 7 | BZ10: 82 | CA10: 5 | CB10: 0 | CC10: =CA10/(BZ10+CA10) -> 0.057471264 | CD10: 0 | CE10: =CE11-1.5% -> 0.11 | CF10: =CF11-0.025% -> 0.0055 | CH10: =CI10 -> 21 | CI10: 21 | CJ10: 1636 | CK10: 980 | CL10: 552 | CM10: 0.63 | CN10: =CL10/(CK10+CL10) -> 0.36031332 | CO10: =CO9+0.5% -> 0.37 | CQ10: =CR10 -> 18 | CR10: 18 | CS10: 818 | CT10: 2953 | CU10: 703 | CV10: 0.78 | CW10: 0.46 | CX10: =CX9+1% -> 0.47 | DA10: -2 | DB10: 0.147 | DD10: =+AVERAGE(DE10,DE11)-0.5 -> -26.5 | DE10: -28 | DF10: 0.741 | DH10: =DH9+1 -> -42 | DI10: =DL10*DN10+DM10*(1-DL10) -> 0.481375 | DJ10: =VLOOKUP(DH10,$DD$5:$DD$24,1,TRUE) -> -42.5 | DK10: =VLOOKUP(DH10,$DD$5:$DD$24,1,TRUE)+4 -> -38.5 | DL10: =(DH10-DJ10)/(DK10-DJ10) -> 0.125 | DM10: =VLOOKUP(DJ10,$DD$5:$DF$24,3,FALSE) -> 0.473 | DN10: =VLOOKUP(DK10,$DD$5:$DF$24,3,FALSE) -> 0.54 | DP10: =DP9+1 -> 7 | DQ10: 0.87 | DR10: =DT10/DP10 -> 1.1071429 | DS10: =$DP10*DQ10 -> 6.09 | DT10: 7.75 | DU10: =DP10&":"&DS10&"," -> 7:6.09, | DX10: =DY10+1.5 -> -10.5 | DY10: -12 | DZ10: 0.45 | EB10: 6.5 | EC10: 1.1 | EE10: =EE9+1 -> -36 | EF10: =EI10*EK10+EJ10*(1-EI10) -> 0.23875 | EG10: =VLOOKUP(EE10,$DD$5:$DD$24,1,TRUE) -> -38.5 | EH10: =VLOOKUP(EE10,$DD$5:$DD$24,1,TRUE)+4 -> -34.5 | EI10: =(EE10-EG10)/(EH10-EG10) -> 0.625 | EJ10: =VLOOKUP(EG10,$DX$3:$DZ$19,3,FALSE) -> 0.22 | EK10: =VLOOKUP(EH10,$DX$3:$DZ$19,3,FALSE) -> 0.25 | FA10: Freq% | FB10: 0.042 | FC10: 0.097 | FD10: 0.203 | FE10: 0.292 | FF10: 0.141 | FH10: 11+ | FI10: 125 | FJ10: 0.55 | FK10: 0.82 | FL10: 0.66 | FM10: 1.73 | FN10: 19.8 | FP10: =FP9+1 -> 13 | FQ10: =+FQ9-0.005 -> 0.535 | FS10: 10 | FT10: =FT9+0.025 -> 1.05 | GC10: 8 | GD10: 0.020027799 | GE10: 0.039994423 | GF10: 0.067048928 | GG10: 0.0827701 | GP10: =+ROUND(GP9+1%,2) -> 0.08 | GQ10: =1/(1+GR10) -> 0.30701416 | GR10: =(1/GP10-1)^(1/3) -> 2.2571787 | GS10: 10 | GT10: =+GS10*(1-GQ10)/GQ10 -> 22.571787 | GU10: =+GS10/(GT10+GS10) -> 0.30701416 | GV10: =+GS10^3/(GS10^3+GT10^3) -> 0.08 | GX10: 1.25 | GY10: 0.46581197 | HA10: 0.3 | HB10: 1.0397369 | HD10: 4 | HE10: 0.63577779
A11: -27 | B11: 0 | D11: 3 | E11: 0.13100437 | G11: 5 | H11: 1.1436902 | J11: 4287 | K11: 4903 | L11: 1.1436902 | N11: 10 | O11: 7680 | P11: 6394 | Q11: 1971 | R11: =S11 -> 0.22631744 | S11: 0.22631744 | U11: 1 | V11: 2 | W11: 1_2 | X11: 0.030925732 | Y11: 0 | AA11: =+AA10+1 -> 9 | AB11: 1.7480793 | AC11: 13 | AD11: 1.9 | AH11: =AD7 -> 1.72 | AI11: =+AH11 -> 1.72 | AK11: 5-9% | AL11: 0.081367521 | AM11: 0.025982906 | AN11: 0.069059829 | AO11: 0.17641026 | AR11: 5 | AS11: 0.24151858 | AT11: 0.42438988 | AU11: 62180 | AV11: 4952 | AW11: 13358 | AX11: 1196 | AY11: 5669 | BB11: 4 | BF11: =BF12-0.5% -> 0.04 | BH11: =BH10+1 -> 5 | BI11: =IF(MOD(BH11*2,2)=1,AVERAGE(BI10,BI12),VLOOKUP(BH11,$BB:$BF,5,FALSE)) -> 0.045 | BM11: ChancePK | BP11: 0.024 | BS11: ChancePK | BT11: 21919 | BU11: 0.0241 | BV11: 0.0242 | BY11: 8 | BZ11: 129 | CA11: 13 | CB11: 1 | CC11: =CA11/(BZ11+CA11) -> 0.091549296 | CD11: 0.008 | CE11: =CE12-1.5% -> 0.125 | CF11: =CF12-0.025% -> 0.00575 | CH11: =CI11 -> 22 | CI11: 22 | CJ11: 2091 | CK11: 1169 | CL11: 709 | CM11: 0.64 | CN11: =CL11/(CK11+CL11) -> 0.37752929 | CO11: =CO10+0.5% -> 0.375 | CQ11: =CR11 -> 19 | CR11: 19 | CS11: 787 | CT11: 2951 | CU11: 742 | CV11: 0.79 | CW11: 0.49 | CX11: =CX10+1% -> 0.48 | DA11: -1 | DB11: 0.25 | DD11: =+AVERAGE(DE11,DE12)-0.5 -> -22.5 | DE11: -24 | DF11: 0.806 | DH11: =DH10+1 -> -41 | DI11: =DL11*DN11+DM11*(1-DL11) -> 0.498125 | DJ11: =VLOOKUP(DH11,$DD$5:$DD$24,1,TRUE) -> -42.5 | DK11: =VLOOKUP(DH11,$DD$5:$DD$24,1,TRUE)+4 -> -38.5 | DL11: =(DH11-DJ11)/(DK11-DJ11) -> 0.375 | DM11: =VLOOKUP(DJ11,$DD$5:$DF$24,3,FALSE) -> 0.473 | DN11: =VLOOKUP(DK11,$DD$5:$DF$24,3,FALSE) -> 0.54 | DP11: =DP10+1 -> 8 | DQ11: 0.852 | DR11: =DT11/DP11 -> 1.10625 | DS11: =$DP11*DQ11 -> 6.816 | DT11: 8.85 | DU11: =DP11&":"&DS11&"," -> 8:6.816, | DX11: =DY11+1.5 -> -6.5 | DY11: -8 | DZ11: 0.49 | EB11: 7 | EC11: 1.06 | EE11: =EE10+1 -> -35 | EF11: =EI11*EK11+EJ11*(1-EI11) -> 0.24625 | EG11: =VLOOKUP(EE11,$DD$5:$DD$24,1,TRUE) -> -38.5 | EH11: =VLOOKUP(EE11,$DD$5:$DD$24,1,TRUE)+4 -> -34.5 | EI11: =(EE11-EG11)/(EH11-EG11) -> 0.875 | EJ11: =VLOOKUP(EG11,$DX$3:$DZ$19,3,FALSE) -> 0.22 | EK11: =VLOOKUP(EH11,$DX$3:$DZ$19,3,FALSE) -> 0.25 | FP11: =FP10+1 -> 14 | FQ11: =+FQ10-0.005 -> 0.53 | FS11: 11 | FT11: =FT10+0.025 -> 1.075 | GC11: 8.5 | GD11: 0.020784709 | GE11: 0.040727835 | GF11: 0.067526746 | GG11: 0.083507307 | GP11: =+ROUND(GP10+1%,2) -> 0.09 | GQ11: =1/(1+GR11) -> 0.31621706 | GR11: =(1/GP11-1)^(1/3) -> 2.1623847 | GS11: 10 | GT11: =+GS11*(1-GQ11)/GQ11 -> 21.623847 | GU11: =+GS11/(GT11+GS11) -> 0.31621706 | GV11: =+GS11^3/(GS11^3+GT11^3) -> 0.09 | GX11: 1.5 | GY11: 0.45127119 | HA11: 0.4 | HB11: 1.0327709 | HD11: 5 | HE11: 0.66609573
A12: -26 | B12: 0.00025641026 | G12: 6 | H12: 1.4091013 | J12: 4373 | K12: 6162 | L12: 1.4091013 | N12: 11 | O12: 7841 | P12: 5891 | Q12: 2293 | R12: =S12 -> 0.25664063 | S12: 0.25664063 | U12: 1 | V12: 3 | W12: 1_3 | X12: 0.016020392 | Y12: 0 | AA12: =+AA11+1 -> 10 | AB12: 1.7878602 | AC12: 14 | AD12: 1.93 | AH12: =AD8 -> 1.77 | AI12: =+AH12 -> 1.77 | AK12: 10-14% | AL12: 0.054788419 | AM12: 0.028062361 | AN12: 0.056792873 | AO12: 0.13964365 | AR12: 10 | AS12: 0.27333293 | AT12: 0.41195577 | AU12: 154200 | AV12: 16511 | AW12: 30479 | AX12: 4513 | AY12: 12556 | BB12: 5 | BF12: =BF13-0.5% -> 0.045 | BH12: =BH11+1 -> 6 | BI12: =IF(MOD(BH12*2,2)=1,AVERAGE(BI11,BI13),VLOOKUP(BH12,$BB:$BF,5,FALSE)) -> 0.05 | BS12: ChanceRight | BT12: 232339 | BU12: 0.2549 | BV12: 0.2564 | BY12: 9 | BZ12: 85 | CA12: 15 | CB12: 0 | CC12: =CA12/(BZ12+CA12) -> 0.15 | CD12: 0 | CE12: 0.14 | CF12: =CF13-0.025% -> 0.006 | CH12: =CI12 -> 23 | CI12: 23 | CJ12: 1932 | CK12: 1104 | CL12: 673 | CM12: 0.64 | CN12: =CL12/(CK12+CL12) -> 0.37872819 | CO12: =CO11+0.5% -> 0.38 | CQ12: =CR12 -> 20 | CR12: 20 | CS12: 945 | CT12: 3645 | CU12: 941 | CV12: 0.79 | CW12: 0.5 | CX12: =CX11+1% -> 0.49 | DA12: 0 | DB12: 0.438 | DD12: =+AVERAGE(DE12,DE13)-0.5 -> -18.5 | DE12: -20 | DF12: 0.901 | DH12: =DH11+1 -> -40 | DI12: =DL12*DN12+DM12*(1-DL12) -> 0.514875 | DJ12: =VLOOKUP(DH12,$DD$5:$DD$24,1,TRUE) -> -42.5 | DK12: =VLOOKUP(DH12,$DD$5:$DD$24,1,TRUE)+4 -> -38.5 | DL12: =(DH12-DJ12)/(DK12-DJ12) -> 0.625 | DM12: =VLOOKUP(DJ12,$DD$5:$DF$24,3,FALSE) -> 0.473 | DN12: =VLOOKUP(DK12,$DD$5:$DF$24,3,FALSE) -> 0.54 | DP12: =DP11+1 -> 9 | DQ12: 0.834 | DR12: =DT12/DP12 -> 1.1055556 | DS12: =$DP12*DQ12 -> 7.506 | DT12: 9.95 | DU12: =DP12&":"&DS12&"," -> 9:7.506, | DX12: =DY12+1.5 -> -2.5 | DY12: -4 | DZ12: 0.52 | EB12: 7.5 | EC12: 1.02 | EE12: =EE11+1 -> -34 | EF12: =EI12*EK12+EJ12*(1-EI12) -> 0.25375 | EG12: =VLOOKUP(EE12,$DD$5:$DD$24,1,TRUE) -> -34.5 | EH12: =VLOOKUP(EE12,$DD$5:$DD$24,1,TRUE)+4 -> -30.5 | EI12: =(EE12-EG12)/(EH12-EG12) -> 0.125 | EJ12: =VLOOKUP(EG12,$DX$3:$DZ$19,3,FALSE) -> 0.25 | EK12: =VLOOKUP(EH12,$DX$3:$DZ$19,3,FALSE) -> 0.28 | FH12: S Tactic Skill | FI12: Match | FJ12: Press% | FK12: Freq LS Press | FL12: Freq Long Shot | FM12: Avg Points LS Team | FN12: Avg Press Tactic Skill | FP12: =FP11+1 -> 15 | FQ12: =+FQ11-0.005 -> 0.525 | FS12: 12 | FT12: =FT11+0.025 -> 1.1 | GC12: 9 | GD12: 0.01929225 | GE12: 0.041551934 | GF12: 0.070504798 | GG12: 0.086744639 | GP12: =+ROUND(GP11+1%,2) -> 0.1 | GQ12: =1/(1+GR12) -> 0.32466649 | GR12: =(1/GP12-1)^(1/3) -> 2.0800838 | GS12: 10 | GT12: =+GS12*(1-GQ12)/GQ12 -> 20.800838 | GU12: =+GS12/(GT12+GS12) -> 0.32466649 | GV12: =+GS12^3/(GS12^3+GT12^3) -> 0.1 | GX12: 1.75 | GY12: 0.33914729 | HA12: 0.5 | HB12: 1.025661 | HD12: 6 | HE12: 0.7008637
A13: -25 | B13: 0.00042735043 | G13: 7 | H13: 1.7351648 | J13: 3640 | K13: 6316 | L13: 1.7351648 | N13: 12 | O13: 8244 | P13: 5787 | Q13: 2771 | R13: =S13 -> 0.29243719 | S13: 0.29243719 | U13: 2 | V13: 0 | W13: 2_0 | X13: =+X9*1.52 -> 0.14453133 | Y13: 0.16 | AA13: =+AA12+1 -> 11 | AB13: 1.827641 | AC13: 15 | AD13: 1.94 | AH13: =AD9 -> 1.82 | AI13: =+AH13 -> 1.82 | AK13: 15-19% | AL13: 0.055757051 | AM13: 0.029123586 | AN13: 0.046554431 | AO13: 0.13143507 | AR13: 15 | AS13: 0.30312955 | AT13: 0.38527999 | AU13: 170891 | AV13: 24732 | AW13: 31019 | AX13: 7497 | AY13: 11951 | BB13: 6 | BC13: 1 | BD13: 37 | BE13: =BC13/BD13 -> 0.027027027 | BF13: 0.05 | BH13: =BH12+1 -> 7 | BI13: =IF(MOD(BH13*2,2)=1,AVERAGE(BI12,BI14),VLOOKUP(BH13,$BB:$BF,5,FALSE)) -> 0.07 | BY13: 10 | BZ13: 186 | CA13: 30 | CB13: 1 | CC13: =CA13/(BZ13+CA13) -> 0.13888889 | CD13: 0.005 | CE13: 0.15 | CF13: =CF14-0.025% -> 0.00625 | CH13: =CI13 -> 24 | CI13: 24 | CJ13: 1989 | CK13: 1132 | CL13: 702 | CM13: 0.64 | CN13: =CL13/(CK13+CL13) -> 0.3827699 | CO13: =CO12+0.5% -> 0.385 | CQ13: =CR13 -> 21 | CR13: 21 | CS13: 1081 | CT13: 4300 | CU13: 1126 | CV13: 0.8 | CW13: 0.51 | CX13: =CX12+1% -> 0.5 | DA13: 1 | DB13: 0.622 | DD13: =+AVERAGE(DE13,DE14)-0.5 -> -14.5 | DE13: -16 | DF13: 0.915 | DH13: =DH12+1 -> -39 | DI13: =DL13*DN13+DM13*(1-DL13) -> 0.531625 | DJ13: =VLOOKUP(DH13,$DD$5:$DD$24,1,TRUE) -> -42.5 | DK13: =VLOOKUP(DH13,$DD$5:$DD$24,1,TRUE)+4 -> -38.5 | DL13: =(DH13-DJ13)/(DK13-DJ13) -> 0.875 | DM13: =VLOOKUP(DJ13,$DD$5:$DF$24,3,FALSE) -> 0.473 | DN13: =VLOOKUP(DK13,$DD$5:$DF$24,3,FALSE) -> 0.54 | DP13: =DP12+1 -> 10 | DQ13: 0.816 | DR13: =DT13/DP13 -> 1.105 | DS13: =$DP13*DQ13 -> 8.16 | DT13: 11.05 | DU13: =DP13&":"&DS13&"," -> 10:8.16, | DX13: =DY13+1.5 -> 1.5 | DY13: 0 | DZ13: 0.56 | EB13: 8 | EC13: 1 | EE13: =EE12+1 -> -33 | EF13: =EI13*EK13+EJ13*(1-EI13) -> 0.26125 | EG13: =VLOOKUP(EE13,$DD$5:$DD$24,1,TRUE) -> -34.5 | EH13: =VLOOKUP(EE13,$DD$5:$DD$24,1,TRUE)+4 -> -30.5 | EI13: =(EE13-EG13)/(EH13-EG13) -> 0.375 | EJ13: =VLOOKUP(EG13,$DX$3:$DZ$19,3,FALSE) -> 0.25 | EK13: =VLOOKUP(EH13,$DX$3:$DZ$19,3,FALSE) -> 0.28 | EM13: Conv LS | EN13: 7 | EO13: 8 | EP13: 9 | EQ13: 10 | FH13: <10 | FI13: 888 | FJ13: 0.52 | FK13: 0.9 | FL13: 0.85 | FM13: 1.97 | FN13: 8.5 | FP13: =FP12+1 -> 16 | FQ13: =+FQ12-0.005 -> 0.52 | GC13: 9.5 | GD13: 0.023388773 | GE13: 0.045896678 | GF13: 0.075516693 | GG13: 0.071097372 | GP13: =+ROUND(GP12+1%,2) -> 0.11 | GQ13: =1/(1+GR13) -> 0.33249686 | GR13: =(1/GP13-1)^(1/3) -> 2.0075472 | GS13: 10 | GT13: =+GS13*(1-GQ13)/GQ13 -> 20.075472 | GU13: =+GS13/(GT13+GS13) -> 0.33249686 | GV13: =+GS13^3/(GS13^3+GT13^3) -> 0.11 | GX13: 2 | GY13: 0.30078125 | HA13: 0.6 | HB13: 1.0184001 | HD13: 7 | HE13: 0.73156242
A14: -24 | B14: 0.0006729928 | G14: 8 | H14: 2.0843424 | J14: 2395 | K14: 4992 | L14: 2.0843424 | N14: 13 | O14: 8906 | P14: 5782 | Q14: 3364 | R14: =S14 -> 0.33612324 | S14: 0.33612324 | U14: 2 | V14: 1 | W14: 2_1 | X14: =+X10*1.52 -> 0.097326584 | Y14: 0 | AA14: =+AA13+1 -> 12 | AB14: 1.8674219 | AC14: 16 | AD14: 1.95 | AH14: 1.86 | AI14: =+AH14 -> 1.86 | AK14: 20-24% | AL14: 0.054059329 | AM14: 0.027257351 | AN14: 0.04397606 | AO14: 0.12529274 | AR14: 20 | AS14: 0.34160339 | AT14: 0.37475697 | AU14: 189238 | AV14: 34502 | AW14: 31375 | AX14: 11786 | AY14: 11758 | BB14: 7 | BC14: 26 | BD14: 262 | BE14: =BC14/BD14 -> 0.099236641 | BF14: 0.07 | BH14: =BH13+0.5 -> 7.5 | BI14: =IF(MOD(BH14*2,2)=1,AVERAGE(BI13,BI15),VLOOKUP(BH14,$BB:$BF,5,FALSE)) -> 0.08 | BY14: 11 | BZ14: 307 | CA14: 61 | CB14: 2 | CC14: =CA14/(BZ14+CA14) -> 0.16576087 | CD14: 0.006 | CE14: 0.16 | CF14: 0.0065 | CH14: =CI14 -> 25 | CI14: 25 | CJ14: 1822 | CK14: 1034 | CL14: 634 | CM14: 0.64 | CN14: =CL14/(CK14+CL14) -> 0.38009592 | CO14: =CO13+0.5% -> 0.39 | CQ14: =CR14 -> 22 | CR14: 22 | CS14: 1090 | CT14: 4800 | CU14: 1300 | CV14: 0.81 | CW14: 0.54 | CX14: =CX13+1% -> 0.51 | DA14: 2 | DB14: 0.703 | DD14: =+AVERAGE(DE14,DE15)-0.5 -> -10.5 | DE14: -12 | DF14: 0.977 | DH14: =DH13+1 -> -38 | DI14: =DL14*DN14+DM14*(1-DL14) -> 0.548375 | DJ14: =VLOOKUP(DH14,$DD$5:$DD$24,1,TRUE) -> -38.5 | DK14: =VLOOKUP(DH14,$DD$5:$DD$24,1,TRUE)+4 -> -34.5 | DL14: =(DH14-DJ14)/(DK14-DJ14) -> 0.125 | DM14: =VLOOKUP(DJ14,$DD$5:$DF$24,3,FALSE) -> 0.54 | DN14: =VLOOKUP(DK14,$DD$5:$DF$24,3,FALSE) -> 0.607 | DU14: =DP14&":"&DS14&"," -> :, | DX14: =DY14+1.5 -> 5.5 | DY14: 4 | DZ14: 0.58 | EB14: 8.5 | EC14: 0.98 | EE14: =EE13+1 -> -32 | EF14: =EI14*EK14+EJ14*(1-EI14) -> 0.26875 | EG14: =VLOOKUP(EE14,$DD$5:$DD$24,1,TRUE) -> -34.5 | EH14: =VLOOKUP(EE14,$DD$5:$DD$24,1,TRUE)+4 -> -30.5 | EI14: =(EE14-EG14)/(EH14-EG14) -> 0.625 | EJ14: =VLOOKUP(EG14,$DX$3:$DZ$19,3,FALSE) -> 0.25 | EK14: =VLOOKUP(EH14,$DX$3:$DZ$19,3,FALSE) -> 0.28 | EM14: -4 | EQ14: 0.64 | FH14: 10-13 | FI14: 86 | FJ14: 0.63 | FK14: 0.72 | FL14: 0.42 | FM14: 1.49 | FN14: 7.7 | FP14: =FP13+1 -> 17 | FQ14: =+FQ13-0.005 -> 0.515 | GP14: =+ROUND(GP13+1%,2) -> 0.12 | GQ14: =1/(1+GR14) -> 0.33980947 | GR14: =(1/GP14-1)^(1/3) -> 1.9428256 | GS14: 10 | GT14: =+GS14*(1-GQ14)/GQ14 -> 19.428256 | GU14: =+GS14/(GT14+GS14) -> 0.33980947 | GV14: =+GS14^3/(GS14^3+GT14^3) -> 0.12 | GX14: 2.25 | GY14: 0.28375734 | HA14: 0.7 | HB14: 1.0109805 | HD14: 8 | HE14: 0.75830213
A15: -23 | B15: 0.00091863517 | G15: 9 | H15: 2.5191111 | J15: 1125 | K15: 2834 | L15: 2.5191111 | N15: 14 | O15: 10967 | P15: 6832 | Q15: 4575 | R15: =S15 -> 0.37772288 | S15: 0.37772288 | U15: 2 | V15: 2 | W15: 2_2 | X15: =+X11*1.52 -> 0.047007112 | Y15: 0 | AA15: =+AA14+1 -> 13 | AB15: 1.9072028 | AC15: 17 | AD15: 1.96 | AH15: =AD11 -> 1.9 | AI15: =+AH15 -> 1.9 | AK15: 25-29% | AL15: 0.050202216 | AM15: 0.032442413 | AN15: 0.046245824 | AO15: 0.12889045 | AP15: =VLOOKUP((F10-F19)*4,lkup_simul!$EE:$EF,2,TRUE)*VLOOKUP(C20-IF(F13="Long Shots",5,0),lkup_simul!$EB:$EC,2,TRUE) -> 0.74665 | AQ15: =VLOOKUP((F17-F12)*4,lkup_simul!$EE:$EF,2,TRUE)*VLOOKUP(C13-IF(F20="Long Shots",5,0),lkup_simul!$EB:$EC,2,TRUE) -> 0.74665 | AR15: 25 | AS15: 0.37815126 | AT15: 0.36301666 | AU15: 59418 | AV15: 12257 | AW15: 9242 | AX15: 4635 | AY15: 3355 | BB15: 7.5 | BF15: =AVERAGE(BF14,BF16) -> 0.08 | BH15: =BH14+0.5 -> 8 | BI15: =IF(MOD(BH15*2,2)=1,AVERAGE(BI14,BI16),VLOOKUP(BH15,$BB:$BF,5,FALSE)) -> 0.09 | BY15: 12 | BZ15: 280 | CA15: 54 | CB15: 2 | CC15: =CA15/(BZ15+CA15) -> 0.16167665 | CD15: 0.007 | CE15: 0.17 | CF15: =CF14+0.00025 -> 0.00675 | CH15: =CI15 -> 26 | CI15: 26 | CJ15: 1546 | CK15: 836 | CL15: 539 | CM15: 0.65 | CN15: =CL15/(CK15+CL15) -> 0.392 | CO15: =CO14+0.5% -> 0.395 | CQ15: =CR15 -> 23 | CR15: 23 | CS15: 863 | CT15: 3665 | CU15: 1001 | CV15: 0.81 | CW15: 0.54 | CX15: =CX14+1% -> 0.52 | DA15: 3 | DB15: 0.755 | DD15: =+AVERAGE(DE15,DE16)-0.5 -> -6.5 | DE15: -8 | DF15: 1.035 | DH15: =DH14+1 -> -37 | DI15: =DL15*DN15+DM15*(1-DL15) -> 0.565125 | DJ15: =VLOOKUP(DH15,$DD$5:$DD$24,1,TRUE) -> -38.5 | DK15: =VLOOKUP(DH15,$DD$5:$DD$24,1,TRUE)+4 -> -34.5 | DL15: =(DH15-DJ15)/(DK15-DJ15) -> 0.375 | DM15: =VLOOKUP(DJ15,$DD$5:$DF$24,3,FALSE) -> 0.54 | DN15: =VLOOKUP(DK15,$DD$5:$DF$24,3,FALSE) -> 0.607 | DX15: =DY15+1.5 -> 9.5 | DY15: 8 | DZ15: 0.6 | EB15: 9 | EC15: 0.96 | EE15: =EE14+1 -> -31 | EF15: =EI15*EK15+EJ15*(1-EI15) -> 0.27625 | EG15: =VLOOKUP(EE15,$DD$5:$DD$24,1,TRUE) -> -34.5 | EH15: =VLOOKUP(EE15,$DD$5:$DD$24,1,TRUE)+4 -> -30.5 | EI15: =(EE15-EG15)/(EH15-EG15) -> 0.875 | EJ15: =VLOOKUP(EG15,$DX$3:$DZ$19,3,FALSE) -> 0.25 | EK15: =VLOOKUP(EH15,$DX$3:$DZ$19,3,FALSE) -> 0.28 | EM15: 0 | EO15: 0.69 | EP15: 0.66 | EQ15: 0.75 | FH15: 14-17 | FI15: 192 | FJ15: 0.53 | FK15: 0.84 | FL15: 0.73 | FM15: 1.77 | FN15: 8.1 | FP15: =FP14+1 -> 18 | FQ15: =+FQ14-0.005 -> 0.51 | GP15: =+ROUND(GP14+1%,2) -> 0.13 | GQ15: =1/(1+GR15) -> 0.34668271 | GR15: =(1/GP15-1)^(1/3) -> 1.8844819 | GS15: 10 | GT15: =+GS15*(1-GQ15)/GQ15 -> 18.844819 | GU15: =+GS15/(GT15+GS15) -> 0.34668271 | GV15: =+GS15^3/(GS15^3+GT15^3) -> 0.13 | GX15: 2.5 | GY15: 0.27176781 | HA15: 0.8 | HB15: 1.0033938 | HD15: 9 | HE15: 0.77754944
A16: -22 | B16: 0.0013129103 | G16: 10 | H16: 2.8585657 | J16: 502 | K16: 1435 | L16: 2.8585657 | N16: 15 | O16: 11367 | P16: 6697 | Q16: 5268 | R16: =S16 -> 0.41716057 | S16: 0.41716057 | U16: 2 | V16: 3 | W16: 2_3 | X16: =+X12*1.52 -> 0.024350995 | Y16: 0 | AA16: =+AA15+1 -> 14 | AB16: 1.9469837 | AC16: 18 | AD16: 1.97 | AH16: =AD12 -> 1.93 | AI16: =+AH16 -> 1.93 | AK16: 30-34% | AL16: 0.044975607 | AM16: 0.031698319 | AN16: 0.045200646 | AO16: 0.12187457 | AR16: 30 | AS16: #DIV/0! | AT16: #DIV/0! | AU16: 0 | AV16: 0 | AW16: 0 | AX16: 0 | AY16: 0 | BB16: 8 | BC16: 32 | BD16: 482 | BE16: =BC16/BD16 -> 0.066390041 | BF16: 0.09 | BH16: =BH15+0.5 -> 8.5 | BI16: =IF(MOD(BH16*2,2)=1,AVERAGE(BI15,BI17),VLOOKUP(BH16,$BB:$BF,5,FALSE)) -> 0.099429029 | BY16: 13 | BZ16: 520 | CA16: 123 | CB16: 5 | CC16: =CA16/(BZ16+CA16) -> 0.19129082 | CD16: 0.01 | CE16: 0.18 | CF16: =CF15+0.00025 -> 0.007 | CH16: =CI16 -> 27 | CI16: 27 | CJ16: 1257 | CK16: 756 | CL16: 472 | CM16: 0.62 | CN16: =CL16/(CK16+CL16) -> 0.38436482 | CO16: =CO15+0.5% -> 0.4 | CQ16: =CR16 -> 24 | CR16: 24 | CS16: 708 | CT16: 2841 | CU16: 776 | CV16: 0.8 | CW16: 0.52 | CX16: =CX15+1% -> 0.53 | DA16: 4 | DB16: 0.805 | DD16: =+AVERAGE(DE16,DE17)-0.5 -> -2.5 | DE16: -4 | DF16: 1.054 | DH16: =DH15+1 -> -36 | DI16: =DL16*DN16+DM16*(1-DL16) -> 0.581875 | DJ16: =VLOOKUP(DH16,$DD$5:$DD$24,1,TRUE) -> -38.5 | DK16: =VLOOKUP(DH16,$DD$5:$DD$24,1,TRUE)+4 -> -34.5 | DL16: =(DH16-DJ16)/(DK16-DJ16) -> 0.625 | DM16: =VLOOKUP(DJ16,$DD$5:$DF$24,3,FALSE) -> 0.54 | DN16: =VLOOKUP(DK16,$DD$5:$DF$24,3,FALSE) -> 0.607 | DX16: =DY16+1.5 -> 13.5 | DY16: 12 | DZ16: 0.62 | EB16: 9.5 | EC16: 0.94 | EE16: =EE15+1 -> -30 | EF16: =EI16*EK16+EJ16*(1-EI16) -> 0.28375 | EG16: =VLOOKUP(EE16,$DD$5:$DD$24,1,TRUE) -> -30.5 | EH16: =VLOOKUP(EE16,$DD$5:$DD$24,1,TRUE)+4 -> -26.5 | EI16: =(EE16-EG16)/(EH16-EG16) -> 0.125 | EJ16: =VLOOKUP(EG16,$DX$3:$DZ$19,3,FALSE) -> 0.28 | EK16: =VLOOKUP(EH16,$DX$3:$DZ$19,3,FALSE) -> 0.31 | EM16: 4 | EN16: 0.77 | EO16: 0.68 | EP16: 0.73 | EQ16: 0.79 | FH16: 18-19 | FI16: 170 | FJ16: 0.5 | FK16: 0.88 | FL16: 0.88 | FM16: 2.01 | FN16: 8.4 | FP16: =FP15+1 -> 19 | FQ16: =+FQ15-0.005 -> 0.505 | GP16: =+ROUND(GP15+1%,2) -> 0.14 | GQ16: =1/(1+GR16) -> 0.35317853 | GR16: =(1/GP16-1)^(1/3) -> 1.8314292 | GS16: 10 | GT16: =+GS16*(1-GQ16)/GQ16 -> 18.314292 | GU16: =+GS16/(GT16+GS16) -> 0.35317853 | GV16: =+GS16^3/(GS16^3+GT16^3) -> 0.14 | GX16: 2.75 | GY16: 0.25842697 | HA16: 0.9 | HB16: 0.99563101 | HD16: 10 | HE16: 0.8
A17: -21 | B17: 0.0020318021 | G17: 11 | H17: 3.2480315 | J17: 254 | K17: 825 | L17: 3.2480315 | N17: 16 | R17: 0.46344682 | S17: 0.46344682 | U17: 3 | V17: 0 | W17: 3_0 | X17: =+X9*2 -> 0.19017281 | Y17: 0.2 | AA17: =+AA16+1 -> 15 | AB17: 1.9867645 | AC17: 19 | AD17: 1.98 | AH17: =AD13 -> 1.94 | AI17: =+AH17 -> 1.94 | AK17: 35-39% | AL17: 0.046366826 | AM17: 0.032357257 | AN17: 0.043023923 | AO17: 0.12174801 | AR17: 35 | AS17: 0.40065512 | AT17: 0.36806244 | AU17: 55053 | AV17: 11601 | AW17: 8072 | AX17: 4648 | AY17: 2971 | BB17: 8.5 | BF17: =AVERAGE(BF16,BF18) -> 0.099429029 | BH17: =BH16+0.5 -> 9 | BI17: =IF(MOD(BH17*2,2)=1,AVERAGE(BI16,BI18),VLOOKUP(BH17,$BB:$BF,5,FALSE)) -> 0.10885806 | BY17: 14 | BZ17: 820 | CA17: 176 | CB17: 4 | CC17: =CA17/(BZ17+CA17) -> 0.17670683 | CD17: 0.005 | CE17: 0.19 | CF17: =CF16+0.00025 -> 0.00725 | CH17: =CI17 -> 28 | CI17: 28 | CJ17: 1002 | CK17: 549 | CL17: 367 | CM17: 0.65 | CN17: =CL17/(CK17+CL17) -> 0.40065502 | CO17: =CO16+0.5% -> 0.405 | CQ17: =CR17 -> 25 | CR17: 25 | CS17: 662 | CT17: 2595 | CU17: 702 | CV17: 0.8 | CW17: 0.51 | CX17: =CX16+1% -> 0.54 | DA17: 5 | DB17: 0.824 | DD17: =+AVERAGE(DE17,DE18)-0.5 -> 1.5 | DE17: 0 | DF17: 1.079 | DH17: =DH16+1 -> -35 | DI17: =DL17*DN17+DM17*(1-DL17) -> 0.598625 | DJ17: =VLOOKUP(DH17,$DD$5:$DD$24,1,TRUE) -> -38.5 | DK17: =VLOOKUP(DH17,$DD$5:$DD$24,1,TRUE)+4 -> -34.5 | DL17: =(DH17-DJ17)/(DK17-DJ17) -> 0.875 | DM17: =VLOOKUP(DJ17,$DD$5:$DF$24,3,FALSE) -> 0.54 | DN17: =VLOOKUP(DK17,$DD$5:$DF$24,3,FALSE) -> 0.607 | DX17: =DY17+1.5 -> 17.5 | DY17: 16 | DZ17: 0.64 | EB17: 10 | EC17: 0.92 | EE17: =EE16+1 -> -29 | EF17: =EI17*EK17+EJ17*(1-EI17) -> 0.29125 | EG17: =VLOOKUP(EE17,$DD$5:$DD$24,1,TRUE) -> -30.5 | EH17: =VLOOKUP(EE17,$DD$5:$DD$24,1,TRUE)+4 -> -26.5 | EI17: =(EE17-EG17)/(EH17-EG17) -> 0.375 | EJ17: =VLOOKUP(EG17,$DX$3:$DZ$19,3,FALSE) -> 0.28 | EK17: =VLOOKUP(EH17,$DX$3:$DZ$19,3,FALSE) -> 0.31 | EM17: 8 | EN17: 0.78 | EO17: 0.67 | EP17: 0.7 | EQ17: 0.76 | FH17: 20-21 | FI17: 220 | FJ17: 0.51 | FK17: 0.97 | FL17: 0.93 | FM17: 2.11 | FN17: 8.8 | FP17: =FP16+1 -> 20 | FQ17: =+FQ16-0.005 -> 0.5 | GP17: =+ROUND(GP16+1%,2) -> 0.15 | GQ17: =1/(1+GR17) -> 0.3593468 | GR17: =(1/GP17-1)^(1/3) -> 1.7828271 | GS17: 10 | GT17: =+GS17*(1-GQ17)/GQ17 -> 17.828271 | GU17: =+GS17/(GT17+GS17) -> 0.3593468 | GV17: =+GS17^3/(GS17^3+GT17^3) -> 0.15 | GX17: 3 | GY17: 0.23 | HA17: 1 | HB17: 0.98768229 | HD17: 11 | HE17: 0.81
A18: -20 | B18: 0.0054021609 | G18: 12 | H18: 3.4382022 | J18: 89 | K18: 306 | L18: 3.4382022 | N18: 17 | O18: 15522 | P18: 8580 | Q18: 8645 | R18: 0.55695142 | S18: 0.55695142 | U18: 3 | V18: 1 | W18: 3_1 | X18: =+X10*2 -> 0.1280613 | Y18: 0 | AA18: =+AA17+1 -> 16 | AB18: 2.0265454 | AC18: 20 | AD18: 1.99 | AH18: =AD14 -> 1.95 | AI18: =+AH18 -> 1.95 | AK18: 40-44% | AL18: 0.046075396 | AM18: 0.035350776 | AN18: 0.043869767 | AO18: 0.12529594 | AR18: 40 | AS18: #DIV/0! | AT18: #DIV/0! | AU18: 0 | AV18: 0 | AW18: 0 | AX18: 0 | AY18: 0 | BB18: 9 | BC18: 102 | BD18: 937 | BE18: =BC18/BD18 -> 0.10885806 | BF18: =BE18 -> 0.10885806 | BH18: =BH17+0.5 -> 9.5 | BI18: =IF(MOD(BH18*2,2)=1,AVERAGE(BI17,BI19),VLOOKUP(BH18,$BB:$BF,5,FALSE)) -> 0.11969501 | BY18: 15 | BZ18: 1105 | CA18: 285 | CB18: 8 | CC18: =CA18/(BZ18+CA18) -> 0.20503597 | CD18: 0.007 | CE18: 0.2 | CF18: =CF17+0.00025 -> 0.0075 | CH18: =CI18 -> 29 | CI18: 29 | CJ18: 483 | CK18: 269 | CL18: 173 | CM18: 0.64 | CN18: =CL18/(CK18+CL18) -> 0.39140271 | CO18: =CO17+0.5% -> 0.41 | CQ18: =CR18 -> 26 | CR18: 26 | CS18: 437 | CT18: 1907 | CU18: 513 | CV18: 0.81 | CW18: 0.54 | CX18: =CX17+0.5% -> 0.545 | DA18: 6 | DB18: 0.84 | DD18: =+AVERAGE(DE18,DE19)-0.5 -> 5.5 | DE18: 4 | DF18: 1.082 | DH18: =DH17+1 -> -34 | DI18: =DL18*DN18+DM18*(1-DL18) -> 0.615375 | DJ18: =VLOOKUP(DH18,$DD$5:$DD$24,1,TRUE) -> -34.5 | DK18: =VLOOKUP(DH18,$DD$5:$DD$24,1,TRUE)+4 -> -30.5 | DL18: =(DH18-DJ18)/(DK18-DJ18) -> 0.125 | DM18: =VLOOKUP(DJ18,$DD$5:$DF$24,3,FALSE) -> 0.607 | DN18: =VLOOKUP(DK18,$DD$5:$DF$24,3,FALSE) -> 0.674 | DX18: =DY18+1.5 -> 21.5 | DY18: 20 | DZ18: 0.66 | EB18: 10.5 | EC18: 0.91 | EE18: =EE17+1 -> -28 | EF18: =EI18*EK18+EJ18*(1-EI18) -> 0.29875 | EG18: =VLOOKUP(EE18,$DD$5:$DD$24,1,TRUE) -> -30.5 | EH18: =VLOOKUP(EE18,$DD$5:$DD$24,1,TRUE)+4 -> -26.5 | EI18: =(EE18-EG18)/(EH18-EG18) -> 0.625 | EJ18: =VLOOKUP(EG18,$DX$3:$DZ$19,3,FALSE) -> 0.28 | EK18: =VLOOKUP(EH18,$DX$3:$DZ$19,3,FALSE) -> 0.31 | EM18: 12 | EN18: 0.76 | EO18: 0.78 | EP18: 0.78 | FH18: 22+ | FI18: 220 | FJ18: 0.49 | FK18: 0.97 | FL18: 1 | FM18: 2.15 | FN18: 8.8 | FP18: =FP17+1 -> 21 | FQ18: =+FQ17-0.005 -> 0.495 | GP18: =+ROUND(GP17+1%,2) -> 0.16 | GQ18: =1/(1+GR18) -> 0.36522832 | GR18: =(1/GP18-1)^(1/3) -> 1.7380133 | GS18: 10 | GT18: =+GS18*(1-GQ18)/GQ18 -> 17.380133 | GU18: =+GS18/(GT18+GS18) -> 0.36522832 | GV18: =+GS18^3/(GS18^3+GT18^3) -> 0.16 | GX18: 3.25 | GY18: 0.21 | HA18: 1.1 | HB18: 0.97953689 | HD18: 12 | HE18: 0.82
A19: -19 | B19: 0.0094317028 | G19: 13 | H19: 3.5869565 | J19: 46 | K19: 165 | L19: 3.5869565 | N19: 18 | O19: 16420 | P19: 8803 | Q19: 9770 | R19: 0.59500609 | S19: 0.59500609 | U19: 3 | V19: 2 | W19: 3_2 | X19: =+X11*2 -> 0.061851463 | Y19: 0 | AA19: =+AA18+1 -> 17 | AB19: 2.0663263 | AC19: 21 | AD19: 2 | AH19: =AD15 -> 1.96 | AI19: =+AH19 -> 1.96 | AK19: 45-49% | AL19: 0.04360053 | AM19: 0.035301111 | AN19: 0.042937491 | AO19: 0.12183913 | AR19: 45 | AS19: 0.40790814 | AT19: 0.35764136 | AU19: 49245 | AV19: 10799 | AW19: 7021 | AX19: 4405 | AY19: 2511 | BB19: 10 | BC19: 292 | BD19: 2237 | BE19: =BC19/BD19 -> 0.13053196 | BF19: =BE19 -> 0.13053196 | BH19: =BH18+0.5 -> 10 | BI19: =IF(MOD(BH19*2,2)=1,AVERAGE(BI18,BI20),VLOOKUP(BH19,$BB:$BF,5,FALSE)) -> 0.13053196 | BY19: 16 | BZ19: 1804 | CA19: 448 | CB19: 14 | CC19: =CA19/(BZ19+CA19) -> 0.19893428 | CD19: 0.008 | CE19: =CE18+0.75% -> 0.2075 | CF19: =CF18+0.00025 -> 0.00775 | CH19: 30 | CI19: 30+ | CJ19: 423 | CK19: 206 | CL19: 140 | CM19: 0.67 | CN19: =CL19/(CK19+CL19) -> 0.40462428 | CO19: =CO18+0.5% -> 0.415 | CQ19: =CR19 -> 27 | CR19: 27 | CS19: 296 | CT19: 1244 | CU19: 363 | CV19: 0.81 | CW19: 0.55 | CX19: =CX18+0.5% -> 0.55 | DA19: 7 | DB19: 0.85 | DD19: =+AVERAGE(DE19,DE20)-0.5 -> 9.5 | DE19: 8 | DF19: 1.085 | DH19: =DH18+1 -> -33 | DI19: =DL19*DN19+DM19*(1-DL19) -> 0.632125 | DJ19: =VLOOKUP(DH19,$DD$5:$DD$24,1,TRUE) -> -34.5 | DK19: =VLOOKUP(DH19,$DD$5:$DD$24,1,TRUE)+4 -> -30.5 | DL19: =(DH19-DJ19)/(DK19-DJ19) -> 0.375 | DM19: =VLOOKUP(DJ19,$DD$5:$DF$24,3,FALSE) -> 0.607 | DN19: =VLOOKUP(DK19,$DD$5:$DF$24,3,FALSE) -> 0.674 | DX19: =DY19+1.5 -> 25.5 | DY19: 24 | DZ19: 0.68 | EB19: 11 | EC19: 0.89 | EE19: =EE18+1 -> -27 | EF19: =EI19*EK19+EJ19*(1-EI19) -> 0.30625 | EG19: =VLOOKUP(EE19,$DD$5:$DD$24,1,TRUE) -> -30.5 | EH19: =VLOOKUP(EE19,$DD$5:$DD$24,1,TRUE)+4 -> -26.5 | EI19: =(EE19-EG19)/(EH19-EG19) -> 0.875 | EJ19: =VLOOKUP(EG19,$DX$3:$DZ$19,3,FALSE) -> 0.28 | EK19: =VLOOKUP(EH19,$DX$3:$DZ$19,3,FALSE) -> 0.31 | FP19: =FP18+1 -> 22 | FQ19: =+FQ18-0.005 -> 0.49 | GP19: =+ROUND(GP18+1%,2) -> 0.17 | GQ19: =1/(1+GR19) -> 0.37085691 | GR19: =(1/GP19-1)^(1/3) -> 1.6964578 | GS19: 10 | GT19: =+GS19*(1-GQ19)/GQ19 -> 16.964578 | GU19: =+GS19/(GT19+GS19) -> 0.37085691 | GV19: =+GS19^3/(GS19^3+GT19^3) -> 0.17 | GX19: 3.5 | GY19: 0.2 | HA19: 1.2 | HB19: 0.97118307 | HD19: 13 | HE19: 0.83
A20: -18 | B20: 0.021504676 | G20: 14 | H20: 3.7369565 | J20: 14 | K20: 48 | L20: 3.4285714 | N20: 19 | O20: 17555 | P20: 9245 | Q20: 10714 | R20: 0.61031045 | S20: 0.61031045 | U20: 3 | V20: 3 | W20: 3_3 | X20: =+X12*2 -> 0.032040783 | Y20: 0 | AA20: =+AA19+1 -> 18 | AB20: 2.1061072 | AC20: 22 | AD20: 2.01 | AH20: =AD16 -> 1.97 | AI20: =+AH20 -> 1.97 | AK20: 50-50% | AL20: 0.04451021 | AM20: 0.036608464 | AN20: 0.04119562 | AO20: 0.12231429 | AR20: 50 | AS20: 0.44280895 | AT20: 0.34340614 | AU20: 43563 | AV20: 9783 | AW20: 6089 | AX20: 4332 | AY20: 2091 | BB20: 11 | BC20: 590 | BD20: 3778 | BE20: =BC20/BD20 -> 0.15616728 | BF20: =BE20 -> 0.15616728 | BH20: =BH19+0.5 -> 10.5 | BI20: =IF(MOD(BH20*2,2)=1,AVERAGE(BI19,BI21),VLOOKUP(BH20,$BB:$BF,5,FALSE)) -> 0.14334962 | BY20: 17 | BZ20: 2962 | CA20: 757 | CB20: 28 | CC20: =CA20/(BZ20+CA20) -> 0.20354934 | CD20: 0.009 | CE20: =CE19+0.75% -> 0.215 | CF20: =CF19+0.00025 -> 0.008 | CQ20: =CR20 -> 28 | CR20: 28 | CS20: 166 | CT20: 691 | CU20: 192 | CV20: 0.81 | CW20: 0.54 | CX20: =CX19+0.5% -> 0.555 | DA20: 8 | DB20: 0.855 | DD20: =+AVERAGE(DE20,DE21)-0.5 -> 13.5 | DE20: 12 | DF20: 1.088 | DH20: =DH19+1 -> -32 | DI20: =DL20*DN20+DM20*(1-DL20) -> 0.648875 | DJ20: =VLOOKUP(DH20,$DD$5:$DD$24,1,TRUE) -> -34.5 | DK20: =VLOOKUP(DH20,$DD$5:$DD$24,1,TRUE)+4 -> -30.5 | DL20: =(DH20-DJ20)/(DK20-DJ20) -> 0.625 | DM20: =VLOOKUP(DJ20,$DD$5:$DF$24,3,FALSE) -> 0.607 | DN20: =VLOOKUP(DK20,$DD$5:$DF$24,3,FALSE) -> 0.674 | EB20: 11.5 | EC20: 0.88 | EE20: =EE19+1 -> -26 | EF20: =EI20*EK20+EJ20*(1-EI20) -> 0.31375 | EG20: =VLOOKUP(EE20,$DD$5:$DD$24,1,TRUE) -> -26.5 | EH20: =VLOOKUP(EE20,$DD$5:$DD$24,1,TRUE)+4 -> -22.5 | EI20: =(EE20-EG20)/(EH20-EG20) -> 0.125 | EJ20: =VLOOKUP(EG20,$DX$3:$DZ$19,3,FALSE) -> 0.31 | EK20: =VLOOKUP(EH20,$DX$3:$DZ$19,3,FALSE) -> 0.34 | GP20: =+ROUND(GP19+1%,2) -> 0.18 | GQ20: =1/(1+GR20) -> 0.37626095 | GR20: =(1/GP20-1)^(1/3) -> 1.6577299 | GS20: 10 | GT20: =+GS20*(1-GQ20)/GQ20 -> 16.577299 | GU20: =+GS20/(GT20+GS20) -> 0.37626095 | GV20: =+GS20^3/(GS20^3+GT20^3) -> 0.18 | HA20: 1.3 | HB20: 0.96260794 | HD20: 14 | HE20: 0.84
A21: -17 | B21: 0.031710669 | G21: 15 | H21: 3.8869565 | J21: 12 | K21: 43 | L21: 3.5833333 | N21: 20 | O21: 14542 | P21: 7499 | Q21: 9152 | R21: 0.62934947 | S21: 0.62934947 | AA21: =+AA20+1 -> 19 | AB21: 2.1458881 | AC21: 23 | AD21: 2.02 | AH21: =AD17 -> 1.98 | AI21: =+AH21 -> 1.98 | AK21: 51-54% | AL21: 0.045777482 | AM21: 0.037088055 | AN21: 0.041689501 | AO21: 0.12455504 | AR21: 55 | AS21: 0.45833333 | AT21: 0.33393142 | AU21: 37515 | AV21: 8424 | AW21: 5016 | AX21: 3861 | AY21: 1675 | BB21: 12 | BC21: 1084 | BD21: 5698 | BE21: =BC21/BD21 -> 0.19024219 | BF21: =BE21 -> 0.19024219 | BH21: =BH20+0.5 -> 11 | BI21: =IF(MOD(BH21*2,2)=1,AVERAGE(BI20,BI22),VLOOKUP(BH21,$BB:$BF,5,FALSE)) -> 0.15616728 | BY21: 18 | BZ21: 4779 | CA21: 1311 | CB21: 33 | CC21: =CA21/(BZ21+CA21) -> 0.21527094 | CD21: 0.007 | CE21: =CE20+0.75% -> 0.2225 | CF21: =CF20+0.00025 -> 0.00825 | CQ21: 29 | CR21: 29+ | CS21: 160 | CT21: 747 | CU21: 216 | CV21: 0.82 | CW21: 0.57 | CX21: =CX20+0.5% -> 0.56 | DA21: 9 | DB21: 0.858 | DD21: =+AVERAGE(DE21,DE22)-0.5 -> 17.5 | DE21: 16 | DF21: 1.091 | DH21: =DH20+1 -> -31 | DI21: =DL21*DN21+DM21*(1-DL21) -> 0.665625 | DJ21: =VLOOKUP(DH21,$DD$5:$DD$24,1,TRUE) -> -34.5 | DK21: =VLOOKUP(DH21,$DD$5:$DD$24,1,TRUE)+4 -> -30.5 | DL21: =(DH21-DJ21)/(DK21-DJ21) -> 0.875 | DM21: =VLOOKUP(DJ21,$DD$5:$DF$24,3,FALSE) -> 0.607 | DN21: =VLOOKUP(DK21,$DD$5:$DF$24,3,FALSE) -> 0.674 | EB21: 12 | EC21: 0.86 | EE21: =EE20+1 -> -25 | EF21: =EI21*EK21+EJ21*(1-EI21) -> 0.32125 | EG21: =VLOOKUP(EE21,$DD$5:$DD$24,1,TRUE) -> -26.5 | EH21: =VLOOKUP(EE21,$DD$5:$DD$24,1,TRUE)+4 -> -22.5 | EI21: =(EE21-EG21)/(EH21-EG21) -> 0.375 | EJ21: =VLOOKUP(EG21,$DX$3:$DZ$19,3,FALSE) -> 0.31 | EK21: =VLOOKUP(EH21,$DX$3:$DZ$19,3,FALSE) -> 0.34 | GP21: =+ROUND(GP20+1%,2) -> 0.19 | GQ21: =1/(1+GR21) -> 0.38146452 | GR21: =(1/GP21-1)^(1/3) -> 1.6214758 | GS21: 10 | GT21: =+GS21*(1-GQ21)/GQ21 -> 16.214758 | GU21: =+GS21/(GT21+GS21) -> 0.38146452 | GV21: =+GS21^3/(GS21^3+GT21^3) -> 0.19 | HA21: 1.4 | HB21: 0.95379731 | HD21: 15 | HE21: 0.85
A22: -16 | B22: 0.046530572 | G22: 16 | H22: 4.0369565 | J22: 4 | K22: 15 | L22: 3.75 | N22: 21 | O22: 9805 | P22: 4881 | Q22: 6362 | R22: 0.64885263 | S22: 0.64885263 | AA22: =+AA21+1 -> 20 | AB22: 2.1856689 | AC22: 24 | AD22: 2.03 | AH22: =AD18 -> 1.99 | AI22: =+AH22 -> 1.99 | AK22: 55-59% | AL22: 0.044367902 | AM22: 0.036230205 | AN22: 0.043965046 | AO22: 0.12456315 | AR22: 60 | AS22: 0.47926994 | AT22: 0.3256776 | AU22: 57683 | AV22: 13314 | AW22: 7010 | AX22: 6381 | AY22: 2283 | BB22: 13 | BC22: 2080 | BD22: 9460 | BE22: =BC22/BD22 -> 0.21987315 | BF22: =BE22 -> 0.21987315 | BH22: =BH21+0.5 -> 11.5 | BI22: =IF(MOD(BH22*2,2)=1,AVERAGE(BI21,BI23),VLOOKUP(BH22,$BB:$BF,5,FALSE)) -> 0.17320474 | BY22: 19 | BZ22: 7267 | CA22: 2094 | CB22: 56 | CC22: =CA22/(BZ22+CA22) -> 0.22369405 | CD22: 0.008 | CE22: =CE21+0.75% -> 0.23 | CF22: =CF21+0.00025 -> 0.0085 | DA22: 10 | DB22: 0.86 | DD22: =+AVERAGE(DE22,DE23)-0.5 -> 21.5 | DE22: 20 | DF22: 1.094 | DH22: =DH21+1 -> -30 | DI22: =DL22*DN22+DM22*(1-DL22) -> 0.682375 | DJ22: =VLOOKUP(DH22,$DD$5:$DD$24,1,TRUE) -> -30.5 | DK22: =VLOOKUP(DH22,$DD$5:$DD$24,1,TRUE)+4 -> -26.5 | DL22: =(DH22-DJ22)/(DK22-DJ22) -> 0.125 | DM22: =VLOOKUP(DJ22,$DD$5:$DF$24,3,FALSE) -> 0.674 | DN22: =VLOOKUP(DK22,$DD$5:$DF$24,3,FALSE) -> 0.741 | EB22: 12.5 | EC22: 0.85 | EE22: =EE21+1 -> -24 | EF22: =EI22*EK22+EJ22*(1-EI22) -> 0.32875 | EG22: =VLOOKUP(EE22,$DD$5:$DD$24,1,TRUE) -> -26.5 | EH22: =VLOOKUP(EE22,$DD$5:$DD$24,1,TRUE)+4 -> -22.5 | EI22: =(EE22-EG22)/(EH22-EG22) -> 0.625 | EJ22: =VLOOKUP(EG22,$DX$3:$DZ$19,3,FALSE) -> 0.31 | EK22: =VLOOKUP(EH22,$DX$3:$DZ$19,3,FALSE) -> 0.34 | GP22: =+ROUND(GP21+1%,2) -> 0.2 | GQ22: =1/(1+GR22) -> 0.38648821 | GR22: =(1/GP22-1)^(1/3) -> 1.5874011 | GS22: 10 | GT22: =+GS22*(1-GQ22)/GQ22 -> 15.874011 | GU22: =+GS22/(GT22+GS22) -> 0.38648821 | GV22: =+GS22^3/(GS22^3+GT22^3) -> 0.2 | HA22: 1.5 | HB22: 0.94473552 | HD22: 16 | HE22: 0.86
A23: -15 | B23: 0.059288057 | G23: 17 | H23: 4.1869565 | J23: 2 | K23: 10 | L23: 5 | N23: 22 | O23: 4813 | P23: 2368 | Q23: 3188 | R23: 0.66237274 | S23: 0.66237274 | AA23: =+AA22+1 -> 21 | AB23: 2.2254498 | AC23: 25 | AD23: 2.04 | AH23: =AD19 -> 2 | AI23: =+AH23 -> 2 | AK23: 60-64% | AL23: 0.042702487 | AM23: 0.037048053 | AN23: 0.041819781 | AO23: 0.12157032 | AR23: 65 | AS23: 0.49869983 | AT23: 0.31974994 | AU23: 38408 | AV23: 8845 | AW23: 4319 | AX23: 4411 | AY23: 1381 | BB23: 14 | BC23: 3252 | BD23: 13053 | BE23: =BC23/BD23 -> 0.24913813 | BF23: =BE23 -> 0.24913813 | BH23: =BH22+0.5 -> 12 | BI23: =IF(MOD(BH23*2,2)=1,AVERAGE(BI22,BI24),VLOOKUP(BH23,$BB:$BF,5,FALSE)) -> 0.19024219 | BY23: 20 | BZ23: 13018 | CA23: 4085 | CB23: 119 | CC23: =CA23/(BZ23+CA23) -> 0.23884699 | CD23: 0.009 | CE23: =CE22+0.75% -> 0.2375 | CF23: =CF22+0.00025 -> 0.00875 | DD23: 25.5 | DE23: 24 | DF23: 1.097 | DH23: =DH22+1 -> -29 | DI23: =DL23*DN23+DM23*(1-DL23) -> 0.699125 | DJ23: =VLOOKUP(DH23,$DD$5:$DD$24,1,TRUE) -> -30.5 | DK23: =VLOOKUP(DH23,$DD$5:$DD$24,1,TRUE)+4 -> -26.5 | DL23: =(DH23-DJ23)/(DK23-DJ23) -> 0.375 | DM23: =VLOOKUP(DJ23,$DD$5:$DF$24,3,FALSE) -> 0.674 | DN23: =VLOOKUP(DK23,$DD$5:$DF$24,3,FALSE) -> 0.741 | EB23: 13 | EC23: 0.83 | EE23: =EE22+1 -> -23 | EF23: =EI23*EK23+EJ23*(1-EI23) -> 0.33625 | EG23: =VLOOKUP(EE23,$DD$5:$DD$24,1,TRUE) -> -26.5 | EH23: =VLOOKUP(EE23,$DD$5:$DD$24,1,TRUE)+4 -> -22.5 | EI23: =(EE23-EG23)/(EH23-EG23) -> 0.875 | EJ23: =VLOOKUP(EG23,$DX$3:$DZ$19,3,FALSE) -> 0.31 | EK23: =VLOOKUP(EH23,$DX$3:$DZ$19,3,FALSE) -> 0.34 | GP23: =+ROUND(GP22+1%,2) -> 0.21 | GQ23: =1/(1+GR23) -> 0.39134983 | GR23: =(1/GP23-1)^(1/3) -> 1.5552586 | GS23: 10 | GT23: =+GS23*(1-GQ23)/GQ23 -> 15.552586 | GU23: =+GS23/(GT23+GS23) -> 0.39134983 | GV23: =+GS23^3/(GS23^3+GT23^3) -> 0.21 | HA23: 1.75 | HB23: 0.93540521 | HD23: 17 | HE23: 0.87
A24: -14 | B24: 0.070644119 | G24: 18 | H24: 4.3369565 | J24: 2 | K24: 9 | L24: 4.5 | N24: 23 | O24: 2275 | P24: 1076 | Q24: 1574 | R24: 0.67237274 | S24: 0.69186813 | AA24: =+AA23+1 -> 22 | AC24: >25 | AH24: =AD20 -> 2.01 | AI24: =+AH24 -> 2.01 | AK24: 65-69% | AL24: 0.044703688 | AM24: 0.038089818 | AN24: 0.041883625 | AO24: 0.12467713 | AR24: 70 | AS24: 0.54115437 | AT24: 0.31285598 | AU24: 24559 | AV24: 5856 | AW24: 2458 | AX24: 3169 | AY24: 769 | BB24: 15 | BC24: 5556 | BD24: 19356 | BE24: =BC24/BD24 -> 0.28704278 | BF24: =BE24 -> 0.28704278 | BH24: =BH23+0.5 -> 12.5 | BI24: =IF(MOD(BH24*2,2)=1,AVERAGE(BI23,BI25),VLOOKUP(BH24,$BB:$BF,5,FALSE)) -> 0.20505767 | BY24: 21 | BZ24: 13823 | CA24: 4415 | CB24: 128 | CC24: =CA24/(BZ24+CA24) -> 0.24207698 | CD24: 0.009 | CE24: =CE23+0.5% -> 0.2425 | CF24: =CF23+0.00025 -> 0.009 | DD24: 29.5 | DE24: 28+ | DF24: 1.1 | DH24: =DH23+1 -> -28 | DI24: =DL24*DN24+DM24*(1-DL24) -> 0.715875 | DJ24: =VLOOKUP(DH24,$DD$5:$DD$24,1,TRUE) -> -30.5 | DK24: =VLOOKUP(DH24,$DD$5:$DD$24,1,TRUE)+4 -> -26.5 | DL24: =(DH24-DJ24)/(DK24-DJ24) -> 0.625 | DM24: =VLOOKUP(DJ24,$DD$5:$DF$24,3,FALSE) -> 0.674 | DN24: =VLOOKUP(DK24,$DD$5:$DF$24,3,FALSE) -> 0.741 | EE24: =EE23+1 -> -22 | EF24: =EI24*EK24+EJ24*(1-EI24) -> 0.345 | EG24: =VLOOKUP(EE24,$DD$5:$DD$24,1,TRUE) -> -22.5 | EH24: =VLOOKUP(EE24,$DD$5:$DD$24,1,TRUE)+4 -> -18.5 | EI24: =(EE24-EG24)/(EH24-EG24) -> 0.125 | EJ24: =VLOOKUP(EG24,$DX$3:$DZ$19,3,FALSE) -> 0.34 | EK24: =VLOOKUP(EH24,$DX$3:$DZ$19,3,FALSE) -> 0.38 | GP24: =+ROUND(GP23+1%,2) -> 0.22 | GQ24: =1/(1+GR24) -> 0.39606487 | GR24: =(1/GP24-1)^(1/3) -> 1.5248389 | GS24: 10 | GT24: =+GS24*(1-GQ24)/GQ24 -> 15.248389 | GU24: =+GS24/(GT24+GS24) -> 0.39606487 | GV24: =+GS24^3/(GS24^3+GT24^3) -> 0.22 | HA24: 2 | HB24: 0.92578703 | HD24: 18 | HE24: 0.88
A25: -13 | B25: 0.083940646 | G25: Total | J25: 17996 | K25: 28874 | L25: 1.6044677 | N25: 24 | O25: 1305 | P25: 618 | Q25: 893 | R25: 0.68237274 | S25: 0.68429119 | AA25: =+AA24+1 -> 23 | AH25: =AD21 -> 2.02 | AI25: =+AH25 -> 2.02 | AK25: 70-74% | AL25: 0.04245548 | AM25: 0.037685644 | AN25: 0.041509397 | AO25: 0.12165052 | AR25: 75 | AS25: 0.57301488 | AT25: 0.2832981 | AU25: 20429 | AV25: 4773 | AW25: 1892 | AX25: 2735 | AY25: 536 | BB25: 16 | BC25: 7451 | BD25: 23524 | BE25: =BC25/BD25 -> 0.31674035 | BF25: =BE25 -> 0.31674035 | BH25: =BH24+0.5 -> 13 | BI25: =IF(MOD(BH25*2,2)=1,AVERAGE(BI24,BI26),VLOOKUP(BH25,$BB:$BF,5,FALSE)) -> 0.21987315 | BY25: 22 | BZ25: 12611 | CA25: 4135 | CB25: 111 | CC25: =CA25/(BZ25+CA25) -> 0.24692464 | CD25: 0.009 | CE25: =CE24+0.5% -> 0.2475 | CF25: =CF24+0.00025 -> 0.00925 | DH25: =DH24+1 -> -27 | DI25: =DL25*DN25+DM25*(1-DL25) -> 0.732625 | DJ25: =VLOOKUP(DH25,$DD$5:$DD$24,1,TRUE) -> -30.5 | DK25: =VLOOKUP(DH25,$DD$5:$DD$24,1,TRUE)+4 -> -26.5 | DL25: =(DH25-DJ25)/(DK25-DJ25) -> 0.875 | DM25: =VLOOKUP(DJ25,$DD$5:$DF$24,3,FALSE) -> 0.674 | DN25: =VLOOKUP(DK25,$DD$5:$DF$24,3,FALSE) -> 0.741 | EE25: =EE24+1 -> -21 | EF25: =EI25*EK25+EJ25*(1-EI25) -> 0.355 | EG25: =VLOOKUP(EE25,$DD$5:$DD$24,1,TRUE) -> -22.5 | EH25: =VLOOKUP(EE25,$DD$5:$DD$24,1,TRUE)+4 -> -18.5 | EI25: =(EE25-EG25)/(EH25-EG25) -> 0.375 | EJ25: =VLOOKUP(EG25,$DX$3:$DZ$19,3,FALSE) -> 0.34 | EK25: =VLOOKUP(EH25,$DX$3:$DZ$19,3,FALSE) -> 0.38 | GP25: =+ROUND(GP24+1%,2) -> 0.23 | GQ25: =1/(1+GR25) -> 0.4006469 | GR25: =(1/GP25-1)^(1/3) -> 1.4959634 | GS25: 10 | GT25: =+GS25*(1-GQ25)/GQ25 -> 14.959634 | GU25: =+GS25/(GT25+GS25) -> 0.4006469 | GV25: =+GS25^3/(GS25^3+GT25^3) -> 0.23 | HA25: 2.25 | HB25: =+AVERAGE(HB24,HB26) -> 0.9208232 | HD25: 19 | HE25: 0.89
A26: -12 | B26: 0.10123322 | G26: 0 | H26: 0 | N26: 25 | O26: 424 | P26: 194 | Q26: 289 | R26: 0.691 | S26: 0.68160377 | AA26: =+AA25+1 -> 24 | AH26: =AD22 -> 2.03 | AI26: =+AH26 -> 2.03 | AK26: 75-79% | AL26: 0.043043532 | AM26: 0.038140727 | AN26: 0.041680861 | AO26: 0.12286512 | AR26: 80 | AS26: 0.61827458 | AT26: 0.27157001 | AU26: 9193 | AV26: 2156 | AW26: 707 | AX26: 1333 | AY26: 192 | BB26: 17 | BC26: 9626 | BD26: 28489 | BE26: =BC26/BD26 -> 0.3378848 | BF26: =BE26 -> 0.3378848 | BH26: =BH25+0.5 -> 13.5 | BI26: =IF(MOD(BH26*2,2)=1,AVERAGE(BI25,BI27),VLOOKUP(BH26,$BB:$BF,5,FALSE)) -> 0.23450564 | BY26: 23 | BZ26: 7732 | CA26: 2650 | CB26: 66 | CC26: =CA26/(BZ26+CA26) -> 0.25524947 | CD26: 0.008 | CE26: =CE25+0.5% -> 0.2525 | CF26: =CF25+0.00025 -> 0.0095 | DH26: =DH25+1 -> -26 | DI26: =DL26*DN26+DM26*(1-DL26) -> 0.749125 | DJ26: =VLOOKUP(DH26,$DD$5:$DD$24,1,TRUE) -> -26.5 | DK26: =VLOOKUP(DH26,$DD$5:$DD$24,1,TRUE)+4 -> -22.5 | DL26: =(DH26-DJ26)/(DK26-DJ26) -> 0.125 | DM26: =VLOOKUP(DJ26,$DD$5:$DF$24,3,FALSE) -> 0.741 | DN26: =VLOOKUP(DK26,$DD$5:$DF$24,3,FALSE) -> 0.806 | EE26: =EE25+1 -> -20 | EF26: =EI26*EK26+EJ26*(1-EI26) -> 0.365 | EG26: =VLOOKUP(EE26,$DD$5:$DD$24,1,TRUE) -> -22.5 | EH26: =VLOOKUP(EE26,$DD$5:$DD$24,1,TRUE)+4 -> -18.5 | EI26: =(EE26-EG26)/(EH26-EG26) -> 0.625 | EJ26: =VLOOKUP(EG26,$DX$3:$DZ$19,3,FALSE) -> 0.34 | EK26: =VLOOKUP(EH26,$DX$3:$DZ$19,3,FALSE) -> 0.38 | GP26: =+ROUND(GP25+1%,2) -> 0.24 | GQ26: =1/(1+GR26) -> 0.40510792 | GR26: =(1/GP26-1)^(1/3) -> 1.468478 | GS26: 10 | GT26: =+GS26*(1-GQ26)/GQ26 -> 14.68478 | GU26: =+GS26/(GT26+GS26) -> 0.40510792 | GV26: =+GS26^3/(GS26^3+GT26^3) -> 0.24 | HA26: 2.5 | HB26: 0.91585938 | HD26: 20 | HE26: 0.9
A27: -11 | B27: 0.11607792 | N27: 26 | O27: 193 | P27: 78 | Q27: 132 | R27: 0.7 | S27: 0.68393782 | V27: Row Labels | AA27: =+AA26+1 -> 25 | AH27: =AD23 -> 2.04 | AI27: =+AH27 -> 2.04 | AK27: 80-84% | AL27: 0.042412717 | AM27: 0.03665012 | AN27: 0.041194339 | AO27: 0.12025718 | AR27: 85 | AS27: 0.6746872 | AT27: 0.31071429 | AU27: 4648 | AV27: 1039 | AW27: 280 | AX27: 701 | AY27: 87 | BB27: 18 | BC27: 11627 | BD27: 33050 | BE27: =BC27/BD27 -> 0.3518003 | BF27: =BE27 -> 0.3518003 | BH27: =BH26+0.5 -> 14 | BI27: =IF(MOD(BH27*2,2)=1,AVERAGE(BI26,BI28),VLOOKUP(BH27,$BB:$BF,5,FALSE)) -> 0.24913813 | BY27: 24 | BZ27: 4198 | CA27: 1408 | CB27: 48 | CC27: =CA27/(BZ27+CA27) -> 0.25115947 | CD27: 0.011 | CE27: =CE26+0.5% -> 0.2575 | CF27: =CF26+0.00025 -> 0.00975 | DH27: =DH26+1 -> -25 | DI27: =DL27*DN27+DM27*(1-DL27) -> 0.765375 | DJ27: =VLOOKUP(DH27,$DD$5:$DD$24,1,TRUE) -> -26.5 | DK27: =VLOOKUP(DH27,$DD$5:$DD$24,1,TRUE)+4 -> -22.5 | DL27: =(DH27-DJ27)/(DK27-DJ27) -> 0.375 | DM27: =VLOOKUP(DJ27,$DD$5:$DF$24,3,FALSE) -> 0.741 | DN27: =VLOOKUP(DK27,$DD$5:$DF$24,3,FALSE) -> 0.806 | EE27: =EE26+1 -> -19 | EF27: =EI27*EK27+EJ27*(1-EI27) -> 0.375 | EG27: =VLOOKUP(EE27,$DD$5:$DD$24,1,TRUE) -> -22.5 | EH27: =VLOOKUP(EE27,$DD$5:$DD$24,1,TRUE)+4 -> -18.5 | EI27: =(EE27-EG27)/(EH27-EG27) -> 0.875 | EJ27: =VLOOKUP(EG27,$DX$3:$DZ$19,3,FALSE) -> 0.34 | EK27: =VLOOKUP(EH27,$DX$3:$DZ$19,3,FALSE) -> 0.38 | GP27: =+ROUND(GP26+1%,2) -> 0.25 | GQ27: =1/(1+GR27) -> 0.40945856 | GR27: =(1/GP27-1)^(1/3) -> 1.4422496 | GS27: 10 | GT27: =+GS27*(1-GQ27)/GQ27 -> 14.422496 | GU27: =+GS27/(GT27+GS27) -> 0.40945856 | GV27: =+GS27^3/(GS27^3+GT27^3) -> 0.25 | HA27: 2.75 | HB27: =+AVERAGE(HB26,HB28) -> 0.91072867 | HD27: 21 | HE27: 0.91
A28: -10 | B28: 0.13077918 | N28: 27 | O28: 59 | P28: 23 | Q28: 38 | R28: =R27+0.9% -> 0.709 | S28: 0.6440678 | V28: 1 | AA28: =+AA27+1 -> 26 | AH28: =+AH27+0.01 -> 2.05 | AI28: =+AH28 -> 2.05 | AK28: 85-89% | AL28: 0.03936773 | AM28: 0.037545753 | AN28: 0.039671393 | AO28: 0.11658488 | AR28: 90 | AS28: 0.69086022 | AT28: 0.42391304 | AU28: 1795 | AV28: 372 | AW28: 92 | AX28: 257 | AY28: 39 | BB28: 19 | BC28: 10724 | BD28: 29146 | BE28: =BC28/BD28 -> 0.36794071 | BF28: =BE28 -> 0.36794071 | BH28: =BH27+0.5 -> 14.5 | BI28: =IF(MOD(BH28*2,2)=1,AVERAGE(BI27,BI29),VLOOKUP(BH28,$BB:$BF,5,FALSE)) -> 0.26809045 | BY28: 25 | BZ28: 2109 | CA28: 792 | CB28: 22 | CC28: =CA28/(BZ28+CA28) -> 0.27300931 | CD28: 0.01 | CE28: =CE27+0.5% -> 0.2625 | CF28: =CF27+0.00025 -> 0.01 | DH28: =DH27+1 -> -24 | DI28: =DL28*DN28+DM28*(1-DL28) -> 0.781625 | DJ28: =VLOOKUP(DH28,$DD$5:$DD$24,1,TRUE) -> -26.5 | DK28: =VLOOKUP(DH28,$DD$5:$DD$24,1,TRUE)+4 -> -22.5 | DL28: =(DH28-DJ28)/(DK28-DJ28) -> 0.625 | DM28: =VLOOKUP(DJ28,$DD$5:$DF$24,3,FALSE) -> 0.741 | DN28: =VLOOKUP(DK28,$DD$5:$DF$24,3,FALSE) -> 0.806 | EE28: =EE27+1 -> -18 | EF28: =EI28*EK28+EJ28*(1-EI28) -> 0.38375 | EG28: =VLOOKUP(EE28,$DD$5:$DD$24,1,TRUE) -> -18.5 | EH28: =VLOOKUP(EE28,$DD$5:$DD$24,1,TRUE)+4 -> -14.5 | EI28: =(EE28-EG28)/(EH28-EG28) -> 0.125 | EJ28: =VLOOKUP(EG28,$DX$3:$DZ$19,3,FALSE) -> 0.38 | EK28: =VLOOKUP(EH28,$DX$3:$DZ$19,3,FALSE) -> 0.41 | GP28: =+ROUND(GP27+1%,2) -> 0.26 | GQ28: =1/(1+GR28) -> 0.41370833 | GR28: =(1/GP28-1)^(1/3) -> 1.4171619 | GS28: 10 | GT28: =+GS28*(1-GQ28)/GQ28 -> 14.171619 | GU28: =+GS28/(GT28+GS28) -> 0.41370833 | GV28: =+GS28^3/(GS28^3+GT28^3) -> 0.26 | HA28: 3 | HB28: 0.90559796 | HD28: 22 | HE28: 0.92
A29: -9 | B29: 0.14676667 | N29: 28 | O29: 47 | P29: 14 | Q29: 38 | R29: =R28+0.9% -> 0.718 | S29: 0.80851064 | U29: 1 | V29: 0 | W29: 0.093016255 | AA29: =+AA28+1 -> 27 | AH29: =+AH28+0.01 -> 2.06 | AI29: =+AH29 -> 2.06 | AK29: 90-94% | AL29: 0.041766499 | AM29: 0.037589849 | AN29: 0.040237547 | AO29: 0.1195939 | BB29: 20 | BC29: 10031 | BD29: 26315 | BE29: =BC29/BD29 -> 0.38118944 | BF29: =BE29 -> 0.38118944 | BH29: =BH28+0.5 -> 15 | BI29: =IF(MOD(BH29*2,2)=1,AVERAGE(BI28,BI30),VLOOKUP(BH29,$BB:$BF,5,FALSE)) -> 0.28704278 | BY29: 26 | BZ29: 611 | CA29: 219 | CB29: 9 | CC29: =CA29/(BZ29+CA29) -> 0.26385542 | CD29: 0.015 | CE29: =CE28+0.5% -> 0.2675 | CF29: =CF28+0.00025 -> 0.01025 | DH29: =DH28+1 -> -23 | DI29: =DL29*DN29+DM29*(1-DL29) -> 0.797875 | DJ29: =VLOOKUP(DH29,$DD$5:$DD$24,1,TRUE) -> -26.5 | DK29: =VLOOKUP(DH29,$DD$5:$DD$24,1,TRUE)+4 -> -22.5 | DL29: =(DH29-DJ29)/(DK29-DJ29) -> 0.875 | DM29: =VLOOKUP(DJ29,$DD$5:$DF$24,3,FALSE) -> 0.741 | DN29: =VLOOKUP(DK29,$DD$5:$DF$24,3,FALSE) -> 0.806 | EE29: =EE28+1 -> -17 | EF29: =EI29*EK29+EJ29*(1-EI29) -> 0.39125 | EG29: =VLOOKUP(EE29,$DD$5:$DD$24,1,TRUE) -> -18.5 | EH29: =VLOOKUP(EE29,$DD$5:$DD$24,1,TRUE)+4 -> -14.5 | EI29: =(EE29-EG29)/(EH29-EG29) -> 0.375 | EJ29: =VLOOKUP(EG29,$DX$3:$DZ$19,3,FALSE) -> 0.38 | EK29: =VLOOKUP(EH29,$DX$3:$DZ$19,3,FALSE) -> 0.41 | GP29: =+ROUND(GP28+1%,2) -> 0.27 | GQ29: =1/(1+GR29) -> 0.41786576 | GR29: =(1/GP29-1)^(1/3) -> 1.3931131 | GS29: 10 | GT29: =+GS29*(1-GQ29)/GQ29 -> 13.931131 | GU29: =+GS29/(GT29+GS29) -> 0.41786576 | GV29: =+GS29^3/(GS29^3+GT29^3) -> 0.27 | HD29: 23 | HE29: 0.93
A30: -8 | B30: 0.16178956 | P30: League | Q30: 32 | S30: 0.8 | U30: 1 | V30: 1 | W30: 0.067182267 | AA30: =+AA29+1 -> 28 | AH30: =+AH29+0.01 -> 2.07 | AI30: =+AH30 -> 2.07 | AK30: 95%+ | AL30: 0.039736092 | AM30: 0.035687509 | AN30: 0.041535463 | AO30: 0.11695906 | BB30: 21 | BC30: 8908 | BD30: 22806 | BE30: =BC30/BD30 -> 0.39059897 | BF30: =BE30 -> 0.39059897 | BH30: =BH29+0.5 -> 15.5 | BI30: =IF(MOD(BH30*2,2)=1,AVERAGE(BI29,BI31),VLOOKUP(BH30,$BB:$BF,5,FALSE)) -> 0.30189156 | BY30: 27 | BZ30: 222 | CA30: 87 | CB30: 2 | CC30: =CA30/(BZ30+CA30) -> 0.2815534 | CD30: 0.009 | CE30: =CE29+0.5% -> 0.2725 | CF30: =CF29+0.00025 -> 0.0105 | DH30: =DH29+1 -> -22 | DI30: =DL30*DN30+DM30*(1-DL30) -> 0.817875 | DJ30: =VLOOKUP(DH30,$DD$5:$DD$24,1,TRUE) -> -22.5 | DK30: =VLOOKUP(DH30,$DD$5:$DD$24,1,TRUE)+4 -> -18.5 | DL30: =(DH30-DJ30)/(DK30-DJ30) -> 0.125 | DM30: =VLOOKUP(DJ30,$DD$5:$DF$24,3,FALSE) -> 0.806 | DN30: =VLOOKUP(DK30,$DD$5:$DF$24,3,FALSE) -> 0.901 | EE30: =EE29+1 -> -16 | EF30: =EI30*EK30+EJ30*(1-EI30) -> 0.39875 | EG30: =VLOOKUP(EE30,$DD$5:$DD$24,1,TRUE) -> -18.5 | EH30: =VLOOKUP(EE30,$DD$5:$DD$24,1,TRUE)+4 -> -14.5 | EI30: =(EE30-EG30)/(EH30-EG30) -> 0.625 | EJ30: =VLOOKUP(EG30,$DX$3:$DZ$19,3,FALSE) -> 0.38 | EK30: =VLOOKUP(EH30,$DX$3:$DZ$19,3,FALSE) -> 0.41 | GP30: =+ROUND(GP29+1%,2) -> 0.28 | GQ30: =1/(1+GR30) -> 0.42193854 | GR30: =(1/GP30-1)^(1/3) -> 1.3700134 | GS30: 10 | GT30: =+GS30*(1-GQ30)/GQ30 -> 13.700134 | GU30: =+GS30/(GT30+GS30) -> 0.42193854 | GV30: =+GS30^3/(GS30^3+GT30^3) -> 0.28 | HD30: 24 | HE30: 0.94
A31: -7 | B31: 0.17641471 | P31: Cup | U31: 1 | V31: 2 | W31: 0.032490209 | AA31: =+AA30+1 -> 29 | AH31: =+AH30+0.01 -> 2.08 | AI31: =+AH31 -> 2.08 | BB31: 22 | BC31: 8461 | BD31: 20792 | BE31: =BC31/BD31 -> 0.40693536 | BF31: =BE31 -> 0.40693536 | BH31: =BH30+0.5 -> 16 | BI31: =IF(MOD(BH31*2,2)=1,AVERAGE(BI30,BI32),VLOOKUP(BH31,$BB:$BF,5,FALSE)) -> 0.31674035 | BY31: 28 | BZ31: 35 | CA31: 11 | CB31: 0 | CC31: =CA31/(BZ31+CA31) -> 0.23913043 | CD31: 0 | CE31: =CE30+0.5% -> 0.2775 | CF31: =CF30+0.00025 -> 0.01075 | DH31: =DH30+1 -> -21 | DI31: =DL31*DN31+DM31*(1-DL31) -> 0.841625 | DJ31: =VLOOKUP(DH31,$DD$5:$DD$24,1,TRUE) -> -22.5 | DK31: =VLOOKUP(DH31,$DD$5:$DD$24,1,TRUE)+4 -> -18.5 | DL31: =(DH31-DJ31)/(DK31-DJ31) -> 0.375 | DM31: =VLOOKUP(DJ31,$DD$5:$DF$24,3,FALSE) -> 0.806 | DN31: =VLOOKUP(DK31,$DD$5:$DF$24,3,FALSE) -> 0.901 | EE31: =EE30+1 -> -15 | EF31: =EI31*EK31+EJ31*(1-EI31) -> 0.40625 | EG31: =VLOOKUP(EE31,$DD$5:$DD$24,1,TRUE) -> -18.5 | EH31: =VLOOKUP(EE31,$DD$5:$DD$24,1,TRUE)+4 -> -14.5 | EI31: =(EE31-EG31)/(EH31-EG31) -> 0.875 | EJ31: =VLOOKUP(EG31,$DX$3:$DZ$19,3,FALSE) -> 0.38 | EK31: =VLOOKUP(EH31,$DX$3:$DZ$19,3,FALSE) -> 0.41 | GP31: =+ROUND(GP30+1%,2) -> 0.29 | GQ31: =1/(1+GR31) -> 0.42593366 | GR31: =(1/GP31-1)^(1/3) -> 1.3477834 | GS31: 10 | GT31: =+GS31*(1-GQ31)/GQ31 -> 13.477834 | GU31: =+GS31/(GT31+GS31) -> 0.42593366 | GV31: =+GS31^3/(GS31^3+GT31^3) -> 0.29 | HD31: 25 | HE31: 0.95
A32: -6 | B32: 0.19284542 | U32: 1 | V32: 3 | W32: 0.018783943 | AA32: =+AA31+1 -> 30 | AH32: =+AH31+0.01 -> 2.09 | AI32: =+AH32 -> 2.09 | BB32: 23 | BC32: 6592 | BD32: 15835 | BE32: =BC32/BD32 -> 0.41629302 | BF32: =BE32 -> 0.41629302 | BH32: =BH31+0.5 -> 16.5 | BI32: =IF(MOD(BH32*2,2)=1,AVERAGE(BI31,BI33),VLOOKUP(BH32,$BB:$BF,5,FALSE)) -> 0.32731257 | BY32: 29 | BZ32: 22 | CA32: 11 | CB32: 0 | CC32: =CA32/(BZ32+CA32) -> 0.33333333 | CD32: 0 | CE32: =CE31+0.5% -> 0.2825 | CF32: =CF31+0.00025 -> 0.011 | DH32: =DH31+1 -> -20 | DI32: =DL32*DN32+DM32*(1-DL32) -> 0.865375 | DJ32: =VLOOKUP(DH32,$DD$5:$DD$24,1,TRUE) -> -22.5 | DK32: =VLOOKUP(DH32,$DD$5:$DD$24,1,TRUE)+4 -> -18.5 | DL32: =(DH32-DJ32)/(DK32-DJ32) -> 0.625 | DM32: =VLOOKUP(DJ32,$DD$5:$DF$24,3,FALSE) -> 0.806 | DN32: =VLOOKUP(DK32,$DD$5:$DF$24,3,FALSE) -> 0.901 | EE32: =EE31+1 -> -14 | EF32: =EI32*EK32+EJ32*(1-EI32) -> 0.415 | EG32: =VLOOKUP(EE32,$DD$5:$DD$24,1,TRUE) -> -14.5 | EH32: =VLOOKUP(EE32,$DD$5:$DD$24,1,TRUE)+4 -> -10.5 | EI32: =(EE32-EG32)/(EH32-EG32) -> 0.125 | EJ32: =VLOOKUP(EG32,$DX$3:$DZ$19,3,FALSE) -> 0.41 | EK32: =VLOOKUP(EH32,$DX$3:$DZ$19,3,FALSE) -> 0.45 | GP32: =+ROUND(GP31+1%,2) -> 0.3 | GQ32: =1/(1+GR32) -> 0.42985749 | GR32: =(1/GP32-1)^(1/3) -> 1.3263524 | GS32: 10 | GT32: =+GS32*(1-GQ32)/GQ32 -> 13.263524 | GU32: =+GS32/(GT32+GS32) -> 0.42985749 | GV32: =+GS32^3/(GS32^3+GT32^3) -> 0.3 | HD32: 26 | HE32: 0.96
A33: -5 | B33: 0.20908269 | V33: 2 | AA33: =+AA32+1 -> 31 | AH33: =+AH32+0.01 -> 2.1 | AI33: =+AH33 -> 2.1 | BB33: 24 | BC33: 4998 | BD33: 11733 | BE33: =BC33/BD33 -> 0.42597801 | BF33: =BE33 -> 0.42597801 | BH33: =BH32+0.5 -> 17 | BI33: =IF(MOD(BH33*2,2)=1,AVERAGE(BI32,BI34),VLOOKUP(BH33,$BB:$BF,5,FALSE)) -> 0.3378848 | DH33: =DH32+1 -> -19 | DI33: =DL33*DN33+DM33*(1-DL33) -> 0.889125 | DJ33: =VLOOKUP(DH33,$DD$5:$DD$24,1,TRUE) -> -22.5 | DK33: =VLOOKUP(DH33,$DD$5:$DD$24,1,TRUE)+4 -> -18.5 | DL33: =(DH33-DJ33)/(DK33-DJ33) -> 0.875 | DM33: =VLOOKUP(DJ33,$DD$5:$DF$24,3,FALSE) -> 0.806 | DN33: =VLOOKUP(DK33,$DD$5:$DF$24,3,FALSE) -> 0.901 | EE33: =EE32+1 -> -13 | EF33: =EI33*EK33+EJ33*(1-EI33) -> 0.425 | EG33: =VLOOKUP(EE33,$DD$5:$DD$24,1,TRUE) -> -14.5 | EH33: =VLOOKUP(EE33,$DD$5:$DD$24,1,TRUE)+4 -> -10.5 | EI33: =(EE33-EG33)/(EH33-EG33) -> 0.375 | EJ33: =VLOOKUP(EG33,$DX$3:$DZ$19,3,FALSE) -> 0.41 | EK33: =VLOOKUP(EH33,$DX$3:$DZ$19,3,FALSE) -> 0.45 | GP33: =+ROUND(GP32+1%,2) -> 0.31 | GQ33: =1/(1+GR33) -> 0.43371584 | GR33: =(1/GP33-1)^(1/3) -> 1.3056571 | GS33: 10 | GT33: =+GS33*(1-GQ33)/GQ33 -> 13.056571 | GU33: =+GS33/(GT33+GS33) -> 0.43371584 | GV33: =+GS33^3/(GS33^3+GT33^3) -> 0.31 | HD33: 27 | HE33: 0.97
A34: -4 | B34: 0.22487443 | U34: 2 | V34: 0 | W34: 0.13652663 | BB34: 25 | BC34: 3564 | BD34: 8343 | BE34: =BC34/BD34 -> 0.42718447 | BF34: 0.431 | BH34: =BH33+0.5 -> 17.5 | BI34: =IF(MOD(BH34*2,2)=1,AVERAGE(BI33,BI35),VLOOKUP(BH34,$BB:$BF,5,FALSE)) -> 0.34484255 | DH34: =DH33+1 -> -18 | DI34: =DL34*DN34+DM34*(1-DL34) -> 0.90275 | DJ34: =VLOOKUP(DH34,$DD$5:$DD$24,1,TRUE) -> -18.5 | DK34: =VLOOKUP(DH34,$DD$5:$DD$24,1,TRUE)+4 -> -14.5 | DL34: =(DH34-DJ34)/(DK34-DJ34) -> 0.125 | DM34: =VLOOKUP(DJ34,$DD$5:$DF$24,3,FALSE) -> 0.901 | DN34: =VLOOKUP(DK34,$DD$5:$DF$24,3,FALSE) -> 0.915 | EE34: =EE33+1 -> -12 | EF34: =EI34*EK34+EJ34*(1-EI34) -> 0.435 | EG34: =VLOOKUP(EE34,$DD$5:$DD$24,1,TRUE) -> -14.5 | EH34: =VLOOKUP(EE34,$DD$5:$DD$24,1,TRUE)+4 -> -10.5 | EI34: =(EE34-EG34)/(EH34-EG34) -> 0.625 | EJ34: =VLOOKUP(EG34,$DX$3:$DZ$19,3,FALSE) -> 0.41 | EK34: =VLOOKUP(EH34,$DX$3:$DZ$19,3,FALSE) -> 0.45 | GP34: =+ROUND(GP33+1%,2) -> 0.32 | GQ34: =1/(1+GR34) -> 0.43751407 | GR34: =(1/GP34-1)^(1/3) -> 1.2856408 | GS34: 10 | GT34: =+GS34*(1-GQ34)/GQ34 -> 12.856408 | GU34: =+GS34/(GT34+GS34) -> 0.43751407 | GV34: =+GS34^3/(GS34^3+GT34^3) -> 0.32 | HD34: 28 | HE34: 0.98
A35: -3 | B35: 0.2427127 | U35: 2 | V35: 1 | W35: 0.098608232 | BB35: 26 | BC35: 1876 | BD35: 4315 | BE35: =BC35/BD35 -> 0.43476246 | BF35: =BF34+0.5% -> 0.436 | BH35: =BH34+0.5 -> 18 | BI35: =IF(MOD(BH35*2,2)=1,AVERAGE(BI34,BI36),VLOOKUP(BH35,$BB:$BF,5,FALSE)) -> 0.3518003 | DH35: =DH34+1 -> -17 | DI35: =DL35*DN35+DM35*(1-DL35) -> 0.90625 | DJ35: =VLOOKUP(DH35,$DD$5:$DD$24,1,TRUE) -> -18.5 | DK35: =VLOOKUP(DH35,$DD$5:$DD$24,1,TRUE)+4 -> -14.5 | DL35: =(DH35-DJ35)/(DK35-DJ35) -> 0.375 | DM35: =VLOOKUP(DJ35,$DD$5:$DF$24,3,FALSE) -> 0.901 | DN35: =VLOOKUP(DK35,$DD$5:$DF$24,3,FALSE) -> 0.915 | EE35: =EE34+1 -> -11 | EF35: =EI35*EK35+EJ35*(1-EI35) -> 0.445 | EG35: =VLOOKUP(EE35,$DD$5:$DD$24,1,TRUE) -> -14.5 | EH35: =VLOOKUP(EE35,$DD$5:$DD$24,1,TRUE)+4 -> -10.5 | EI35: =(EE35-EG35)/(EH35-EG35) -> 0.875 | EJ35: =VLOOKUP(EG35,$DX$3:$DZ$19,3,FALSE) -> 0.41 | EK35: =VLOOKUP(EH35,$DX$3:$DZ$19,3,FALSE) -> 0.45 | GP35: =+ROUND(GP34+1%,2) -> 0.33 | GQ35: =1/(1+GR35) -> 0.44125711 | GR35: =(1/GP35-1)^(1/3) -> 1.2662524 | GS35: 10 | GT35: =+GS35*(1-GQ35)/GQ35 -> 12.662524 | GU35: =+GS35/(GT35+GS35) -> 0.44125711 | GV35: =+GS35^3/(GS35^3+GT35^3) -> 0.33 | HD35: 29 | HE35: 0.99
A36: -2 | B36: 0.27522936 | U36: 2 | V36: 2 | W36: 0.047688211 | BB36: 27 | BC36: 1265 | BD36: 2895 | BE36: =BC36/BD36 -> 0.43696028 | BF36: =BF35+0.5% -> 0.441 | BH36: =BH35+0.5 -> 18.5 | BI36: =IF(MOD(BH36*2,2)=1,AVERAGE(BI35,BI37),VLOOKUP(BH36,$BB:$BF,5,FALSE)) -> 0.35987051 | DH36: =DH35+1 -> -16 | DI36: =DL36*DN36+DM36*(1-DL36) -> 0.90975 | DJ36: =VLOOKUP(DH36,$DD$5:$DD$24,1,TRUE) -> -18.5 | DK36: =VLOOKUP(DH36,$DD$5:$DD$24,1,TRUE)+4 -> -14.5 | DL36: =(DH36-DJ36)/(DK36-DJ36) -> 0.625 | DM36: =VLOOKUP(DJ36,$DD$5:$DF$24,3,FALSE) -> 0.901 | DN36: =VLOOKUP(DK36,$DD$5:$DF$24,3,FALSE) -> 0.915 | EE36: =EE35+1 -> -10 | EF36: =EI36*EK36+EJ36*(1-EI36) -> 0.455 | EG36: =VLOOKUP(EE36,$DD$5:$DD$24,1,TRUE) -> -10.5 | EH36: =VLOOKUP(EE36,$DD$5:$DD$24,1,TRUE)+4 -> -6.5 | EI36: =(EE36-EG36)/(EH36-EG36) -> 0.125 | EJ36: =VLOOKUP(EG36,$DX$3:$DZ$19,3,FALSE) -> 0.45 | EK36: =VLOOKUP(EH36,$DX$3:$DZ$19,3,FALSE) -> 0.49 | GP36: =+ROUND(GP35+1%,2) -> 0.34 | GQ36: =1/(1+GR36) -> 0.44494956 | GR36: =(1/GP36-1)^(1/3) -> 1.2474458 | GS36: 10 | GT36: =+GS36*(1-GQ36)/GQ36 -> 12.474458 | GU36: =+GS36/(GT36+GS36) -> 0.44494956 | GV36: =+GS36^3/(GS36^3+GT36^3) -> 0.34
A37: -1 | B37: 0.36633663 | U37: 2 | V37: 3 | W37: 0.027570541 | BB37: 28 | BC37: 493 | BD37: 1144 | BE37: =BC37/BD37 -> 0.43094406 | BF37: =BF36+0.5% -> 0.446 | BH37: =BH36+0.5 -> 19 | BI37: =IF(MOD(BH37*2,2)=1,AVERAGE(BI36,BI38),VLOOKUP(BH37,$BB:$BF,5,FALSE)) -> 0.36794071 | DH37: =DH36+1 -> -15 | DI37: =DL37*DN37+DM37*(1-DL37) -> 0.91325 | DJ37: =VLOOKUP(DH37,$DD$5:$DD$24,1,TRUE) -> -18.5 | DK37: =VLOOKUP(DH37,$DD$5:$DD$24,1,TRUE)+4 -> -14.5 | DL37: =(DH37-DJ37)/(DK37-DJ37) -> 0.875 | DM37: =VLOOKUP(DJ37,$DD$5:$DF$24,3,FALSE) -> 0.901 | DN37: =VLOOKUP(DK37,$DD$5:$DF$24,3,FALSE) -> 0.915 | EE37: =EE36+1 -> -9 | EF37: =EI37*EK37+EJ37*(1-EI37) -> 0.465 | EG37: =VLOOKUP(EE37,$DD$5:$DD$24,1,TRUE) -> -10.5 | EH37: =VLOOKUP(EE37,$DD$5:$DD$24,1,TRUE)+4 -> -6.5 | EI37: =(EE37-EG37)/(EH37-EG37) -> 0.375 | EJ37: =VLOOKUP(EG37,$DX$3:$DZ$19,3,FALSE) -> 0.45 | EK37: =VLOOKUP(EH37,$DX$3:$DZ$19,3,FALSE) -> 0.49 | GP37: =+ROUND(GP36+1%,2) -> 0.35 | GQ37: =1/(1+GR37) -> 0.44859566 | GR37: =(1/GP37-1)^(1/3) -> 1.2291789 | GS37: 10 | GT37: =+GS37*(1-GQ37)/GQ37 -> 12.291789 | GU37: =+GS37/(GT37+GS37) -> 0.44859566 | GV37: =+GS37^3/(GS37^3+GT37^3) -> 0.35
A38: 0 | B38: 0.45217636 | V38: 3 | BB38: 29 | BC38: 216 | BD38: 479 | BE38: =BC38/BD38 -> 0.45093946 | BF38: =BF37+0.5% -> 0.451 | BH38: =BH37+0.5 -> 19.5 | BI38: =IF(MOD(BH38*2,2)=1,AVERAGE(BI37,BI39),VLOOKUP(BH38,$BB:$BF,5,FALSE)) -> 0.37456507 | DH38: =DH37+1 -> -14 | DI38: =DL38*DN38+DM38*(1-DL38) -> 0.92275 | DJ38: =VLOOKUP(DH38,$DD$5:$DD$24,1,TRUE) -> -14.5 | DK38: =VLOOKUP(DH38,$DD$5:$DD$24,1,TRUE)+4 -> -10.5 | DL38: =(DH38-DJ38)/(DK38-DJ38) -> 0.125 | DM38: =VLOOKUP(DJ38,$DD$5:$DF$24,3,FALSE) -> 0.915 | DN38: =VLOOKUP(DK38,$DD$5:$DF$24,3,FALSE) -> 0.977 | EE38: =EE37+1 -> -8 | EF38: =EI38*EK38+EJ38*(1-EI38) -> 0.475 | EG38: =VLOOKUP(EE38,$DD$5:$DD$24,1,TRUE) -> -10.5 | EH38: =VLOOKUP(EE38,$DD$5:$DD$24,1,TRUE)+4 -> -6.5 | EI38: =(EE38-EG38)/(EH38-EG38) -> 0.625 | EJ38: =VLOOKUP(EG38,$DX$3:$DZ$19,3,FALSE) -> 0.45 | EK38: =VLOOKUP(EH38,$DX$3:$DZ$19,3,FALSE) -> 0.49 | GP38: =+ROUND(GP37+1%,2) -> 0.36 | GQ38: =1/(1+GR38) -> 0.45219942 | GR38: =(1/GP38-1)^(1/3) -> 1.2114137 | GS38: 10 | GT38: =+GS38*(1-GQ38)/GQ38 -> 12.114137 | GU38: =+GS38/(GT38+GS38) -> 0.45219942 | GV38: =+GS38^3/(GS38^3+GT38^3) -> 0.36
A39: 1 | B39: 0.525 | U39: 3 | V39: 0 | W39: 0.17065829 | BB39: 30 | BC39: 84 | BD39: 179 | BE39: =BC39/BD39 -> 0.46927374 | BF39: =BF38+0.5% -> 0.456 | BH39: =BH38+0.5 -> 20 | BI39: =IF(MOD(BH39*2,2)=1,AVERAGE(BI38,BI40),VLOOKUP(BH39,$BB:$BF,5,FALSE)) -> 0.38118944 | DH39: =DH38+1 -> -13 | DI39: =DL39*DN39+DM39*(1-DL39) -> 0.93825 | DJ39: =VLOOKUP(DH39,$DD$5:$DD$24,1,TRUE) -> -14.5 | DK39: =VLOOKUP(DH39,$DD$5:$DD$24,1,TRUE)+4 -> -10.5 | DL39: =(DH39-DJ39)/(DK39-DJ39) -> 0.375 | DM39: =VLOOKUP(DJ39,$DD$5:$DF$24,3,FALSE) -> 0.915 | DN39: =VLOOKUP(DK39,$DD$5:$DF$24,3,FALSE) -> 0.977 | EE39: =EE38+1 -> -7 | EF39: =EI39*EK39+EJ39*(1-EI39) -> 0.485 | EG39: =VLOOKUP(EE39,$DD$5:$DD$24,1,TRUE) -> -10.5 | EH39: =VLOOKUP(EE39,$DD$5:$DD$24,1,TRUE)+4 -> -6.5 | EI39: =(EE39-EG39)/(EH39-EG39) -> 0.875 | EJ39: =VLOOKUP(EG39,$DX$3:$DZ$19,3,FALSE) -> 0.45 | EK39: =VLOOKUP(EH39,$DX$3:$DZ$19,3,FALSE) -> 0.49 | GP39: =+ROUND(GP38+1%,2) -> 0.37 | GQ39: =1/(1+GR39) -> 0.45576456 | GR39: =(1/GP39-1)^(1/3) -> 1.1941153 | GS39: 10 | GT39: =+GS39*(1-GQ39)/GQ39 -> 11.941153 | GU39: =+GS39/(GT39+GS39) -> 0.45576456 | GV39: =+GS39^3/(GS39^3+GT39^3) -> 0.37
A40: 2 | B40: 0.57804913 | U40: 3 | V40: 1 | W40: 0.12326029 | BB40: 31 | BC40: 39 | BD40: 84 | BE40: =BC40/BD40 -> 0.46428571 | BF40: =BF39+0.5% -> 0.461 | BH40: =BH39+0.5 -> 20.5 | BI40: =IF(MOD(BH40*2,2)=1,AVERAGE(BI39,BI41),VLOOKUP(BH40,$BB:$BF,5,FALSE)) -> 0.3858942 | DH40: =DH39+1 -> -12 | DI40: =DL40*DN40+DM40*(1-DL40) -> 0.95375 | DJ40: =VLOOKUP(DH40,$DD$5:$DD$24,1,TRUE) -> -14.5 | DK40: =VLOOKUP(DH40,$DD$5:$DD$24,1,TRUE)+4 -> -10.5 | DL40: =(DH40-DJ40)/(DK40-DJ40) -> 0.625 | DM40: =VLOOKUP(DJ40,$DD$5:$DF$24,3,FALSE) -> 0.915 | DN40: =VLOOKUP(DK40,$DD$5:$DF$24,3,FALSE) -> 0.977 | EE40: =EE39+1 -> -6 | EF40: =EI40*EK40+EJ40*(1-EI40) -> 0.49375 | EG40: =VLOOKUP(EE40,$DD$5:$DD$24,1,TRUE) -> -6.5 | EH40: =VLOOKUP(EE40,$DD$5:$DD$24,1,TRUE)+4 -> -2.5 | EI40: =(EE40-EG40)/(EH40-EG40) -> 0.125 | EJ40: =VLOOKUP(EG40,$DX$3:$DZ$19,3,FALSE) -> 0.49 | EK40: =VLOOKUP(EH40,$DX$3:$DZ$19,3,FALSE) -> 0.52 | GP40: =+ROUND(GP39+1%,2) -> 0.38 | GQ40: =1/(1+GR40) -> 0.4592946 | GR40: =(1/GP40-1)^(1/3) -> 1.1772518 | GS40: 10 | GT40: =+GS40*(1-GQ40)/GQ40 -> 11.772518 | GU40: =+GS40/(GT40+GS40) -> 0.4592946 | GV40: =+GS40^3/(GS40^3+GT40^3) -> 0.38
A41: 3 | B41: 0.60194805 | U41: 3 | V41: 2 | W41: 0.059610263 | BB41: 32 | BC41: 6 | BD41: 14 | BE41: =BC41/BD41 -> 0.42857143 | BF41: =BF40+0.5% -> 0.466 | BH41: =BH40+0.5 -> 21 | BI41: =IF(MOD(BH41*2,2)=1,AVERAGE(BI40,BI42),VLOOKUP(BH41,$BB:$BF,5,FALSE)) -> 0.39059897 | DH41: =DH40+1 -> -11 | DI41: =DL41*DN41+DM41*(1-DL41) -> 0.96925 | DJ41: =VLOOKUP(DH41,$DD$5:$DD$24,1,TRUE) -> -14.5 | DK41: =VLOOKUP(DH41,$DD$5:$DD$24,1,TRUE)+4 -> -10.5 | DL41: =(DH41-DJ41)/(DK41-DJ41) -> 0.875 | DM41: =VLOOKUP(DJ41,$DD$5:$DF$24,3,FALSE) -> 0.915 | DN41: =VLOOKUP(DK41,$DD$5:$DF$24,3,FALSE) -> 0.977 | EE41: =EE40+1 -> -5 | EF41: =EI41*EK41+EJ41*(1-EI41) -> 0.50125 | EG41: =VLOOKUP(EE41,$DD$5:$DD$24,1,TRUE) -> -6.5 | EH41: =VLOOKUP(EE41,$DD$5:$DD$24,1,TRUE)+4 -> -2.5 | EI41: =(EE41-EG41)/(EH41-EG41) -> 0.375 | EJ41: =VLOOKUP(EG41,$DX$3:$DZ$19,3,FALSE) -> 0.49 | EK41: =VLOOKUP(EH41,$DX$3:$DZ$19,3,FALSE) -> 0.52 | GP41: =+ROUND(GP40+1%,2) -> 0.39 | GQ41: =1/(1+GR41) -> 0.46279289 | GR41: =(1/GP41-1)^(1/3) -> 1.1607938 | GS41: 10 | GT41: =+GS41*(1-GQ41)/GQ41 -> 11.607938 | GU41: =+GS41/(GT41+GS41) -> 0.46279289 | GV41: =+GS41^3/(GS41^3+GT41^3) -> 0.39
A42: 4 | B42: 0.62857538 | U42: 3 | V42: 3 | W42: 0.034463176 | BB42: 33 | BC42: 3 | BD42: 5 | BE42: =BC42/BD42 -> 0.6 | BF42: =BF41+0.5% -> 0.471 | BH42: =BH41+0.5 -> 21.5 | BI42: =IF(MOD(BH42*2,2)=1,AVERAGE(BI41,BI43),VLOOKUP(BH42,$BB:$BF,5,FALSE)) -> 0.39876716 | DH42: =DH41+1 -> -10 | DI42: =DL42*DN42+DM42*(1-DL42) -> 0.98425 | DJ42: =VLOOKUP(DH42,$DD$5:$DD$24,1,TRUE) -> -10.5 | DK42: =VLOOKUP(DH42,$DD$5:$DD$24,1,TRUE)+4 -> -6.5 | DL42: =(DH42-DJ42)/(DK42-DJ42) -> 0.125 | DM42: =VLOOKUP(DJ42,$DD$5:$DF$24,3,FALSE) -> 0.977 | DN42: =VLOOKUP(DK42,$DD$5:$DF$24,3,FALSE) -> 1.035 | EE42: =EE41+1 -> -4 | EF42: =EI42*EK42+EJ42*(1-EI42) -> 0.50875 | EG42: =VLOOKUP(EE42,$DD$5:$DD$24,1,TRUE) -> -6.5 | EH42: =VLOOKUP(EE42,$DD$5:$DD$24,1,TRUE)+4 -> -2.5 | EI42: =(EE42-EG42)/(EH42-EG42) -> 0.625 | EJ42: =VLOOKUP(EG42,$DX$3:$DZ$19,3,FALSE) -> 0.49 | EK42: =VLOOKUP(EH42,$DX$3:$DZ$19,3,FALSE) -> 0.52 | GP42: =+ROUND(GP41+1%,2) -> 0.4 | GQ42: =1/(1+GR42) -> 0.46626258 | GR42: =(1/GP42-1)^(1/3) -> 1.1447142 | GS42: 10 | GT42: =+GS42*(1-GQ42)/GQ42 -> 11.447142 | GU42: =+GS42/(GT42+GS42) -> 0.46626258 | GV42: =+GS42^3/(GS42^3+GT42^3) -> 0.4
A43: 5 | B43: 0.65108669 | BB43: =BB42+1 -> 34 | BF43: =BF42+0.25% -> 0.4735 | BH43: =BH42+0.5 -> 22 | BI43: =IF(MOD(BH43*2,2)=1,AVERAGE(BI42,BI44),VLOOKUP(BH43,$BB:$BF,5,FALSE)) -> 0.40693536 | DH43: =DH42+1 -> -9 | DI43: =DL43*DN43+DM43*(1-DL43) -> 0.99875 | DJ43: =VLOOKUP(DH43,$DD$5:$DD$24,1,TRUE) -> -10.5 | DK43: =VLOOKUP(DH43,$DD$5:$DD$24,1,TRUE)+4 -> -6.5 | DL43: =(DH43-DJ43)/(DK43-DJ43) -> 0.375 | DM43: =VLOOKUP(DJ43,$DD$5:$DF$24,3,FALSE) -> 0.977 | DN43: =VLOOKUP(DK43,$DD$5:$DF$24,3,FALSE) -> 1.035 | EE43: =EE42+1 -> -3 | EF43: =EI43*EK43+EJ43*(1-EI43) -> 0.51625 | EG43: =VLOOKUP(EE43,$DD$5:$DD$24,1,TRUE) -> -6.5 | EH43: =VLOOKUP(EE43,$DD$5:$DD$24,1,TRUE)+4 -> -2.5 | EI43: =(EE43-EG43)/(EH43-EG43) -> 0.875 | EJ43: =VLOOKUP(EG43,$DX$3:$DZ$19,3,FALSE) -> 0.49 | EK43: =VLOOKUP(EH43,$DX$3:$DZ$19,3,FALSE) -> 0.52 | GP43: =+ROUND(GP42+1%,2) -> 0.41 | GQ43: =1/(1+GR43) -> 0.4697067 | GR43: =(1/GP43-1)^(1/3) -> 1.1289882 | GS43: 10 | GT43: =+GS43*(1-GQ43)/GQ43 -> 11.289882 | GU43: =+GS43/(GT43+GS43) -> 0.4697067 | GV43: =+GS43^3/(GS43^3+GT43^3) -> 0.41
A44: 6 | B44: 0.67941354 | BB44: =BB43+1 -> 35 | BF44: =BF43+0.25% -> 0.476 | BH44: =BH43+0.5 -> 22.5 | BI44: =IF(MOD(BH44*2,2)=1,AVERAGE(BI43,BI45),VLOOKUP(BH44,$BB:$BF,5,FALSE)) -> 0.41161419 | DH44: =DH43+1 -> -8 | DI44: =DL44*DN44+DM44*(1-DL44) -> 1.01325 | DJ44: =VLOOKUP(DH44,$DD$5:$DD$24,1,TRUE) -> -10.5 | DK44: =VLOOKUP(DH44,$DD$5:$DD$24,1,TRUE)+4 -> -6.5 | DL44: =(DH44-DJ44)/(DK44-DJ44) -> 0.625 | DM44: =VLOOKUP(DJ44,$DD$5:$DF$24,3,FALSE) -> 0.977 | DN44: =VLOOKUP(DK44,$DD$5:$DF$24,3,FALSE) -> 1.035 | EE44: =EE43+1 -> -2 | EF44: =EI44*EK44+EJ44*(1-EI44) -> 0.525 | EG44: =VLOOKUP(EE44,$DD$5:$DD$24,1,TRUE) -> -2.5 | EH44: =VLOOKUP(EE44,$DD$5:$DD$24,1,TRUE)+4 -> 1.5 | EI44: =(EE44-EG44)/(EH44-EG44) -> 0.125 | EJ44: =VLOOKUP(EG44,$DX$3:$DZ$19,3,FALSE) -> 0.52 | EK44: =VLOOKUP(EH44,$DX$3:$DZ$19,3,FALSE) -> 0.56 | GP44: =+ROUND(GP43+1%,2) -> 0.42 | GQ44: =1/(1+GR44) -> 0.47312813 | GR44: =(1/GP44-1)^(1/3) -> 1.1135923 | GS44: 10 | GT44: =+GS44*(1-GQ44)/GQ44 -> 11.135923 | GU44: =+GS44/(GT44+GS44) -> 0.47312813 | GV44: =+GS44^3/(GS44^3+GT44^3) -> 0.42
A45: 7 | B45: 0.70046001 | BB45: =BB44+1 -> 36 | BF45: =BF44+0.25% -> 0.4785 | BH45: =BH44+0.5 -> 23 | BI45: =IF(MOD(BH45*2,2)=1,AVERAGE(BI44,BI46),VLOOKUP(BH45,$BB:$BF,5,FALSE)) -> 0.41629302 | DH45: =DH44+1 -> -7 | DI45: =DL45*DN45+DM45*(1-DL45) -> 1.02775 | DJ45: =VLOOKUP(DH45,$DD$5:$DD$24,1,TRUE) -> -10.5 | DK45: =VLOOKUP(DH45,$DD$5:$DD$24,1,TRUE)+4 -> -6.5 | DL45: =(DH45-DJ45)/(DK45-DJ45) -> 0.875 | DM45: =VLOOKUP(DJ45,$DD$5:$DF$24,3,FALSE) -> 0.977 | DN45: =VLOOKUP(DK45,$DD$5:$DF$24,3,FALSE) -> 1.035 | EE45: =EE44+1 -> -1 | EF45: =EI45*EK45+EJ45*(1-EI45) -> 0.535 | EG45: =VLOOKUP(EE45,$DD$5:$DD$24,1,TRUE) -> -2.5 | EH45: =VLOOKUP(EE45,$DD$5:$DD$24,1,TRUE)+4 -> 1.5 | EI45: =(EE45-EG45)/(EH45-EG45) -> 0.375 | EJ45: =VLOOKUP(EG45,$DX$3:$DZ$19,3,FALSE) -> 0.52 | EK45: =VLOOKUP(EH45,$DX$3:$DZ$19,3,FALSE) -> 0.56 | GP45: =+ROUND(GP44+1%,2) -> 0.43 | GQ45: =1/(1+GR45) -> 0.47652967 | GR45: =(1/GP45-1)^(1/3) -> 1.0985052 | GS45: 10 | GT45: =+GS45*(1-GQ45)/GQ45 -> 10.985052 | GU45: =+GS45/(GT45+GS45) -> 0.47652967 | GV45: =+GS45^3/(GS45^3+GT45^3) -> 0.43
A46: 8 | B46: 0.72692044 | BB46: =BB45+1 -> 37 | BF46: =BF45+0.25% -> 0.481 | BH46: =BH45+0.5 -> 23.5 | BI46: =IF(MOD(BH46*2,2)=1,AVERAGE(BI45,BI47),VLOOKUP(BH46,$BB:$BF,5,FALSE)) -> 0.42113552 | DH46: =DH45+1 -> -6 | DI46: =DL46*DN46+DM46*(1-DL46) -> 1.037375 | DJ46: =VLOOKUP(DH46,$DD$5:$DD$24,1,TRUE) -> -6.5 | DK46: =VLOOKUP(DH46,$DD$5:$DD$24,1,TRUE)+4 -> -2.5 | DL46: =(DH46-DJ46)/(DK46-DJ46) -> 0.125 | DM46: =VLOOKUP(DJ46,$DD$5:$DF$24,3,FALSE) -> 1.035 | DN46: =VLOOKUP(DK46,$DD$5:$DF$24,3,FALSE) -> 1.054 | EE46: =EE45+1 -> 0 | EF46: =EI46*EK46+EJ46*(1-EI46) -> 0.545 | EG46: =VLOOKUP(EE46,$DD$5:$DD$24,1,TRUE) -> -2.5 | EH46: =VLOOKUP(EE46,$DD$5:$DD$24,1,TRUE)+4 -> 1.5 | EI46: =(EE46-EG46)/(EH46-EG46) -> 0.625 | EJ46: =VLOOKUP(EG46,$DX$3:$DZ$19,3,FALSE) -> 0.52 | EK46: =VLOOKUP(EH46,$DX$3:$DZ$19,3,FALSE) -> 0.56 | GP46: =+ROUND(GP45+1%,2) -> 0.44 | GQ46: =1/(1+GR46) -> 0.47991398 | GR46: =(1/GP46-1)^(1/3) -> 1.0837068 | GS46: 10 | GT46: =+GS46*(1-GQ46)/GQ46 -> 10.837068 | GU46: =+GS46/(GT46+GS46) -> 0.47991398 | GV46: =+GS46^3/(GS46^3+GT46^3) -> 0.44
A47: 9 | B47: 0.75257204 | BB47: =BB46+1 -> 38 | BF47: =BF46+0.25% -> 0.4835 | BH47: =BH46+0.5 -> 24 | BI47: =IF(MOD(BH47*2,2)=1,AVERAGE(BI46,BI48),VLOOKUP(BH47,$BB:$BF,5,FALSE)) -> 0.42597801 | DH47: =DH46+1 -> -5 | DI47: =DL47*DN47+DM47*(1-DL47) -> 1.042125 | DJ47: =VLOOKUP(DH47,$DD$5:$DD$24,1,TRUE) -> -6.5 | DK47: =VLOOKUP(DH47,$DD$5:$DD$24,1,TRUE)+4 -> -2.5 | DL47: =(DH47-DJ47)/(DK47-DJ47) -> 0.375 | DM47: =VLOOKUP(DJ47,$DD$5:$DF$24,3,FALSE) -> 1.035 | DN47: =VLOOKUP(DK47,$DD$5:$DF$24,3,FALSE) -> 1.054 | EE47: =EE46+1 -> 1 | EF47: =EI47*EK47+EJ47*(1-EI47) -> 0.555 | EG47: =VLOOKUP(EE47,$DD$5:$DD$24,1,TRUE) -> -2.5 | EH47: =VLOOKUP(EE47,$DD$5:$DD$24,1,TRUE)+4 -> 1.5 | EI47: =(EE47-EG47)/(EH47-EG47) -> 0.875 | EJ47: =VLOOKUP(EG47,$DX$3:$DZ$19,3,FALSE) -> 0.52 | EK47: =VLOOKUP(EH47,$DX$3:$DZ$19,3,FALSE) -> 0.56 | GP47: =+ROUND(GP46+1%,2) -> 0.45 | GQ47: =1/(1+GR47) -> 0.48328367 | GR47: =(1/GP47-1)^(1/3) -> 1.0691781 | GS47: 10 | GT47: =+GS47*(1-GQ47)/GQ47 -> 10.691781 | GU47: =+GS47/(GT47+GS47) -> 0.48328367 | GV47: =+GS47^3/(GS47^3+GT47^3) -> 0.45
A48: 10 | B48: 0.77105558 | BB48: =BB47+1 -> 39 | BF48: =BF47+0.25% -> 0.486 | BH48: =BH47+0.5 -> 24.5 | BI48: =IF(MOD(BH48*2,2)=1,AVERAGE(BI47,BI49),VLOOKUP(BH48,$BB:$BF,5,FALSE)) -> 0.42848901 | DH48: =DH47+1 -> -4 | DI48: =DL48*DN48+DM48*(1-DL48) -> 1.046875 | DJ48: =VLOOKUP(DH48,$DD$5:$DD$24,1,TRUE) -> -6.5 | DK48: =VLOOKUP(DH48,$DD$5:$DD$24,1,TRUE)+4 -> -2.5 | DL48: =(DH48-DJ48)/(DK48-DJ48) -> 0.625 | DM48: =VLOOKUP(DJ48,$DD$5:$DF$24,3,FALSE) -> 1.035 | DN48: =VLOOKUP(DK48,$DD$5:$DF$24,3,FALSE) -> 1.054 | EE48: =EE47+1 -> 2 | EF48: =EI48*EK48+EJ48*(1-EI48) -> 0.5625 | EG48: =VLOOKUP(EE48,$DD$5:$DD$24,1,TRUE) -> 1.5 | EH48: =VLOOKUP(EE48,$DD$5:$DD$24,1,TRUE)+4 -> 5.5 | EI48: =(EE48-EG48)/(EH48-EG48) -> 0.125 | EJ48: =VLOOKUP(EG48,$DX$3:$DZ$19,3,FALSE) -> 0.56 | EK48: =VLOOKUP(EH48,$DX$3:$DZ$19,3,FALSE) -> 0.58 | GP48: =+ROUND(GP47+1%,2) -> 0.46 | GQ48: =1/(1+GR48) -> 0.48664129 | GR48: =(1/GP48-1)^(1/3) -> 1.0549017 | GS48: 10 | GT48: =+GS48*(1-GQ48)/GQ48 -> 10.549017 | GU48: =+GS48/(GT48+GS48) -> 0.48664129 | GV48: =+GS48^3/(GS48^3+GT48^3) -> 0.46
A49: 11 | B49: 0.79090685 | BB49: =BB48+1 -> 40 | BF49: =BF48+0.25% -> 0.4885 | BH49: =BH48+0.5 -> 25 | BI49: =IF(MOD(BH49*2,2)=1,AVERAGE(BI48,BI50),VLOOKUP(BH49,$BB:$BF,5,FALSE)) -> 0.431 | DH49: =DH48+1 -> -3 | DI49: =DL49*DN49+DM49*(1-DL49) -> 1.051625 | DJ49: =VLOOKUP(DH49,$DD$5:$DD$24,1,TRUE) -> -6.5 | DK49: =VLOOKUP(DH49,$DD$5:$DD$24,1,TRUE)+4 -> -2.5 | DL49: =(DH49-DJ49)/(DK49-DJ49) -> 0.875 | DM49: =VLOOKUP(DJ49,$DD$5:$DF$24,3,FALSE) -> 1.035 | DN49: =VLOOKUP(DK49,$DD$5:$DF$24,3,FALSE) -> 1.054 | EE49: =EE48+1 -> 3 | EF49: =EI49*EK49+EJ49*(1-EI49) -> 0.5675 | EG49: =VLOOKUP(EE49,$DD$5:$DD$24,1,TRUE) -> 1.5 | EH49: =VLOOKUP(EE49,$DD$5:$DD$24,1,TRUE)+4 -> 5.5 | EI49: =(EE49-EG49)/(EH49-EG49) -> 0.375 | EJ49: =VLOOKUP(EG49,$DX$3:$DZ$19,3,FALSE) -> 0.56 | EK49: =VLOOKUP(EH49,$DX$3:$DZ$19,3,FALSE) -> 0.58 | GP49: =+ROUND(GP48+1%,2) -> 0.47 | GQ49: =1/(1+GR49) -> 0.48998931 | GR49: =(1/GP49-1)^(1/3) -> 1.0408608 | GS49: 10 | GT49: =+GS49*(1-GQ49)/GQ49 -> 10.408608 | GU49: =+GS49/(GT49+GS49) -> 0.48998931 | GV49: =+GS49^3/(GS49^3+GT49^3) -> 0.47
A50: 12 | B50: 0.8112998 | BH50: =BH49+0.5 -> 25.5 | BI50: =IF(MOD(BH50*2,2)=1,AVERAGE(BI49,BI51),VLOOKUP(BH50,$BB:$BF,5,FALSE)) -> 0.4335 | DH50: =DH49+1 -> -2 | DI50: =DL50*DN50+DM50*(1-DL50) -> 1.057125 | DJ50: =VLOOKUP(DH50,$DD$5:$DD$24,1,TRUE) -> -2.5 | DK50: =VLOOKUP(DH50,$DD$5:$DD$24,1,TRUE)+4 -> 1.5 | DL50: =(DH50-DJ50)/(DK50-DJ50) -> 0.125 | DM50: =VLOOKUP(DJ50,$DD$5:$DF$24,3,FALSE) -> 1.054 | DN50: =VLOOKUP(DK50,$DD$5:$DF$24,3,FALSE) -> 1.079 | EE50: =EE49+1 -> 4 | EF50: =EI50*EK50+EJ50*(1-EI50) -> 0.5725 | EG50: =VLOOKUP(EE50,$DD$5:$DD$24,1,TRUE) -> 1.5 | EH50: =VLOOKUP(EE50,$DD$5:$DD$24,1,TRUE)+4 -> 5.5 | EI50: =(EE50-EG50)/(EH50-EG50) -> 0.625 | EJ50: =VLOOKUP(EG50,$DX$3:$DZ$19,3,FALSE) -> 0.56 | EK50: =VLOOKUP(EH50,$DX$3:$DZ$19,3,FALSE) -> 0.58 | GP50: =+ROUND(GP49+1%,2) -> 0.48 | GQ50: =1/(1+GR50) -> 0.49333017 | GR50: =(1/GP50-1)^(1/3) -> 1.02704 | GS50: 10 | GT50: =+GS50*(1-GQ50)/GQ50 -> 10.2704 | GU50: =+GS50/(GT50+GS50) -> 0.49333017 | GV50: =+GS50^3/(GS50^3+GT50^3) -> 0.48
A51: 13 | B51: 0.82841291 | BH51: =BH50+0.5 -> 26 | BI51: =IF(MOD(BH51*2,2)=1,AVERAGE(BI50,BI52),VLOOKUP(BH51,$BB:$BF,5,FALSE)) -> 0.436 | DH51: =DH50+1 -> -1 | DI51: =DL51*DN51+DM51*(1-DL51) -> 1.063375 | DJ51: =VLOOKUP(DH51,$DD$5:$DD$24,1,TRUE) -> -2.5 | DK51: =VLOOKUP(DH51,$DD$5:$DD$24,1,TRUE)+4 -> 1.5 | DL51: =(DH51-DJ51)/(DK51-DJ51) -> 0.375 | DM51: =VLOOKUP(DJ51,$DD$5:$DF$24,3,FALSE) -> 1.054 | DN51: =VLOOKUP(DK51,$DD$5:$DF$24,3,FALSE) -> 1.079 | EE51: =EE50+1 -> 5 | EF51: =EI51*EK51+EJ51*(1-EI51) -> 0.5775 | EG51: =VLOOKUP(EE51,$DD$5:$DD$24,1,TRUE) -> 1.5 | EH51: =VLOOKUP(EE51,$DD$5:$DD$24,1,TRUE)+4 -> 5.5 | EI51: =(EE51-EG51)/(EH51-EG51) -> 0.875 | EJ51: =VLOOKUP(EG51,$DX$3:$DZ$19,3,FALSE) -> 0.56 | EK51: =VLOOKUP(EH51,$DX$3:$DZ$19,3,FALSE) -> 0.58 | GP51: =+ROUND(GP50+1%,2) -> 0.49 | GQ51: =1/(1+GR51) -> 0.49666627 | GR51: =(1/GP51-1)^(1/3) -> 1.0134244 | GS51: 10 | GT51: =+GS51*(1-GQ51)/GQ51 -> 10.134244 | GU51: =+GS51/(GT51+GS51) -> 0.49666627 | GV51: =+GS51^3/(GS51^3+GT51^3) -> 0.49
A52: 14 | B52: 0.84377368 | BH52: =BH51+0.5 -> 26.5 | BI52: =IF(MOD(BH52*2,2)=1,AVERAGE(BI51,BI53),VLOOKUP(BH52,$BB:$BF,5,FALSE)) -> 0.4385 | DH52: =DH51+1 -> 0 | DI52: =DL52*DN52+DM52*(1-DL52) -> 1.069625 | DJ52: =VLOOKUP(DH52,$DD$5:$DD$24,1,TRUE) -> -2.5 | DK52: =VLOOKUP(DH52,$DD$5:$DD$24,1,TRUE)+4 -> 1.5 | DL52: =(DH52-DJ52)/(DK52-DJ52) -> 0.625 | DM52: =VLOOKUP(DJ52,$DD$5:$DF$24,3,FALSE) -> 1.054 | DN52: =VLOOKUP(DK52,$DD$5:$DF$24,3,FALSE) -> 1.079 | EE52: =EE51+1 -> 6 | EF52: =EI52*EK52+EJ52*(1-EI52) -> 0.5825 | EG52: =VLOOKUP(EE52,$DD$5:$DD$24,1,TRUE) -> 5.5 | EH52: =VLOOKUP(EE52,$DD$5:$DD$24,1,TRUE)+4 -> 9.5 | EI52: =(EE52-EG52)/(EH52-EG52) -> 0.125 | EJ52: =VLOOKUP(EG52,$DX$3:$DZ$19,3,FALSE) -> 0.58 | EK52: =VLOOKUP(EH52,$DX$3:$DZ$19,3,FALSE) -> 0.6 | GP52: =+ROUND(GP51+1%,2) -> 0.5 | GQ52: =1/(1+GR52) -> 0.5 | GR52: =(1/GP52-1)^(1/3) -> 1 | GS52: 10 | GT52: =+GS52*(1-GQ52)/GQ52 -> 10 | GU52: =+GS52/(GT52+GS52) -> 0.5 | GV52: =+GS52^3/(GS52^3+GT52^3) -> 0.5
A53: 15 | B53: 0.85697967 | BH53: =BH52+0.5 -> 27 | BI53: =IF(MOD(BH53*2,2)=1,AVERAGE(BI52,BI54),VLOOKUP(BH53,$BB:$BF,5,FALSE)) -> 0.441 | DH53: =DH52+1 -> 1 | DI53: =DL53*DN53+DM53*(1-DL53) -> 1.075875 | DJ53: =VLOOKUP(DH53,$DD$5:$DD$24,1,TRUE) -> -2.5 | DK53: =VLOOKUP(DH53,$DD$5:$DD$24,1,TRUE)+4 -> 1.5 | DL53: =(DH53-DJ53)/(DK53-DJ53) -> 0.875 | DM53: =VLOOKUP(DJ53,$DD$5:$DF$24,3,FALSE) -> 1.054 | DN53: =VLOOKUP(DK53,$DD$5:$DF$24,3,FALSE) -> 1.079 | EE53: =EE52+1 -> 7 | EF53: =EI53*EK53+EJ53*(1-EI53) -> 0.5875 | EG53: =VLOOKUP(EE53,$DD$5:$DD$24,1,TRUE) -> 5.5 | EH53: =VLOOKUP(EE53,$DD$5:$DD$24,1,TRUE)+4 -> 9.5 | EI53: =(EE53-EG53)/(EH53-EG53) -> 0.375 | EJ53: =VLOOKUP(EG53,$DX$3:$DZ$19,3,FALSE) -> 0.58 | EK53: =VLOOKUP(EH53,$DX$3:$DZ$19,3,FALSE) -> 0.6 | GP53: =+ROUND(GP52+1%,2) -> 0.51 | GQ53: =1/(1+GR53) -> 0.50333373 | GR53: =(1/GP53-1)^(1/3) -> 0.98675341 | GS53: 10 | GT53: =+GS53*(1-GQ53)/GQ53 -> 9.8675341 | GU53: =+GS53/(GT53+GS53) -> 0.50333373 | GV53: =+GS53^3/(GS53^3+GT53^3) -> 0.51
A54: 16 | B54: 0.86901355 | BH54: =BH53+0.5 -> 27.5 | BI54: =IF(MOD(BH54*2,2)=1,AVERAGE(BI53,BI55),VLOOKUP(BH54,$BB:$BF,5,FALSE)) -> 0.4435 | DH54: =DH53+1 -> 2 | DI54: =DL54*DN54+DM54*(1-DL54) -> 1.079375 | DJ54: =VLOOKUP(DH54,$DD$5:$DD$24,1,TRUE) -> 1.5 | DK54: =VLOOKUP(DH54,$DD$5:$DD$24,1,TRUE)+4 -> 5.5 | DL54: =(DH54-DJ54)/(DK54-DJ54) -> 0.125 | DM54: =VLOOKUP(DJ54,$DD$5:$DF$24,3,FALSE) -> 1.079 | DN54: =VLOOKUP(DK54,$DD$5:$DF$24,3,FALSE) -> 1.082 | EE54: =EE53+1 -> 8 | EF54: =EI54*EK54+EJ54*(1-EI54) -> 0.5925 | EG54: =VLOOKUP(EE54,$DD$5:$DD$24,1,TRUE) -> 5.5 | EH54: =VLOOKUP(EE54,$DD$5:$DD$24,1,TRUE)+4 -> 9.5 | EI54: =(EE54-EG54)/(EH54-EG54) -> 0.625 | EJ54: =VLOOKUP(EG54,$DX$3:$DZ$19,3,FALSE) -> 0.58 | EK54: =VLOOKUP(EH54,$DX$3:$DZ$19,3,FALSE) -> 0.6 | GP54: =+ROUND(GP53+1%,2) -> 0.52 | GQ54: =1/(1+GR54) -> 0.50666983 | GR54: =(1/GP54-1)^(1/3) -> 0.97367189 | GS54: 10 | GT54: =+GS54*(1-GQ54)/GQ54 -> 9.7367189 | GU54: =+GS54/(GT54+GS54) -> 0.50666983 | GV54: =+GS54^3/(GS54^3+GT54^3) -> 0.52
A55: 17 | B55: 0.88017118 | BH55: =BH54+0.5 -> 28 | BI55: =IF(MOD(BH55*2,2)=1,AVERAGE(BI54,BI56),VLOOKUP(BH55,$BB:$BF,5,FALSE)) -> 0.446 | DH55: =DH54+1 -> 3 | DI55: =DL55*DN55+DM55*(1-DL55) -> 1.080125 | DJ55: =VLOOKUP(DH55,$DD$5:$DD$24,1,TRUE) -> 1.5 | DK55: =VLOOKUP(DH55,$DD$5:$DD$24,1,TRUE)+4 -> 5.5 | DL55: =(DH55-DJ55)/(DK55-DJ55) -> 0.375 | DM55: =VLOOKUP(DJ55,$DD$5:$DF$24,3,FALSE) -> 1.079 | DN55: =VLOOKUP(DK55,$DD$5:$DF$24,3,FALSE) -> 1.082 | EE55: =EE54+1 -> 9 | EF55: =EI55*EK55+EJ55*(1-EI55) -> 0.5975 | EG55: =VLOOKUP(EE55,$DD$5:$DD$24,1,TRUE) -> 5.5 | EH55: =VLOOKUP(EE55,$DD$5:$DD$24,1,TRUE)+4 -> 9.5 | EI55: =(EE55-EG55)/(EH55-EG55) -> 0.875 | EJ55: =VLOOKUP(EG55,$DX$3:$DZ$19,3,FALSE) -> 0.58 | EK55: =VLOOKUP(EH55,$DX$3:$DZ$19,3,FALSE) -> 0.6 | GP55: =+ROUND(GP54+1%,2) -> 0.53 | GQ55: =1/(1+GR55) -> 0.51001069 | GR55: =(1/GP55-1)^(1/3) -> 0.96074322 | GS55: 10 | GT55: =+GS55*(1-GQ55)/GQ55 -> 9.6074322 | GU55: =+GS55/(GT55+GS55) -> 0.51001069 | GV55: =+GS55^3/(GS55^3+GT55^3) -> 0.53
A56: 18 | B56: 0.88704319 | BH56: =BH55+0.5 -> 28.5 | BI56: =IF(MOD(BH56*2,2)=1,AVERAGE(BI55,BI57),VLOOKUP(BH56,$BB:$BF,5,FALSE)) -> 0.4485 | DH56: =DH55+1 -> 4 | DI56: =DL56*DN56+DM56*(1-DL56) -> 1.080875 | DJ56: =VLOOKUP(DH56,$DD$5:$DD$24,1,TRUE) -> 1.5 | DK56: =VLOOKUP(DH56,$DD$5:$DD$24,1,TRUE)+4 -> 5.5 | DL56: =(DH56-DJ56)/(DK56-DJ56) -> 0.625 | DM56: =VLOOKUP(DJ56,$DD$5:$DF$24,3,FALSE) -> 1.079 | DN56: =VLOOKUP(DK56,$DD$5:$DF$24,3,FALSE) -> 1.082 | EE56: =EE55+1 -> 10 | EF56: =EI56*EK56+EJ56*(1-EI56) -> 0.6025 | EG56: =VLOOKUP(EE56,$DD$5:$DD$24,1,TRUE) -> 9.5 | EH56: =VLOOKUP(EE56,$DD$5:$DD$24,1,TRUE)+4 -> 13.5 | EI56: =(EE56-EG56)/(EH56-EG56) -> 0.125 | EJ56: =VLOOKUP(EG56,$DX$3:$DZ$19,3,FALSE) -> 0.6 | EK56: =VLOOKUP(EH56,$DX$3:$DZ$19,3,FALSE) -> 0.62 | GP56: =+ROUND(GP55+1%,2) -> 0.54 | GQ56: =1/(1+GR56) -> 0.51335871 | GR56: =(1/GP56-1)^(1/3) -> 0.94795566 | GS56: 10 | GT56: =+GS56*(1-GQ56)/GQ56 -> 9.4795566 | GU56: =+GS56/(GT56+GS56) -> 0.51335871 | GV56: =+GS56^3/(GS56^3+GT56^3) -> 0.54
A57: 19 | B57: 0.91047619 | BH57: =BH56+0.5 -> 29 | BI57: =IF(MOD(BH57*2,2)=1,AVERAGE(BI56,BI58),VLOOKUP(BH57,$BB:$BF,5,FALSE)) -> 0.451 | DH57: =DH56+1 -> 5 | DI57: =DL57*DN57+DM57*(1-DL57) -> 1.081625 | DJ57: =VLOOKUP(DH57,$DD$5:$DD$24,1,TRUE) -> 1.5 | DK57: =VLOOKUP(DH57,$DD$5:$DD$24,1,TRUE)+4 -> 5.5 | DL57: =(DH57-DJ57)/(DK57-DJ57) -> 0.875 | DM57: =VLOOKUP(DJ57,$DD$5:$DF$24,3,FALSE) -> 1.079 | DN57: =VLOOKUP(DK57,$DD$5:$DF$24,3,FALSE) -> 1.082 | EE57: =EE56+1 -> 11 | EF57: =EI57*EK57+EJ57*(1-EI57) -> 0.6075 | EG57: =VLOOKUP(EE57,$DD$5:$DD$24,1,TRUE) -> 9.5 | EH57: =VLOOKUP(EE57,$DD$5:$DD$24,1,TRUE)+4 -> 13.5 | EI57: =(EE57-EG57)/(EH57-EG57) -> 0.375 | EJ57: =VLOOKUP(EG57,$DX$3:$DZ$19,3,FALSE) -> 0.6 | EK57: =VLOOKUP(EH57,$DX$3:$DZ$19,3,FALSE) -> 0.62 | GP57: =+ROUND(GP56+1%,2) -> 0.55 | GQ57: =1/(1+GR57) -> 0.51671633 | GR57: =(1/GP57-1)^(1/3) -> 0.93529786 | GS57: 10 | GT57: =+GS57*(1-GQ57)/GQ57 -> 9.3529786 | GU57: =+GS57/(GT57+GS57) -> 0.51671633 | GV57: =+GS57^3/(GS57^3+GT57^3) -> 0.55
A58: 20 | B58: 0.91343839 | BH58: =BH57+0.5 -> 29.5 | BI58: =IF(MOD(BH58*2,2)=1,AVERAGE(BI57,BI59),VLOOKUP(BH58,$BB:$BF,5,FALSE)) -> 0.4535 | DH58: =DH57+1 -> 6 | DI58: =DL58*DN58+DM58*(1-DL58) -> 1.082375 | DJ58: =VLOOKUP(DH58,$DD$5:$DD$24,1,TRUE) -> 5.5 | DK58: =VLOOKUP(DH58,$DD$5:$DD$24,1,TRUE)+4 -> 9.5 | DL58: =(DH58-DJ58)/(DK58-DJ58) -> 0.125 | DM58: =VLOOKUP(DJ58,$DD$5:$DF$24,3,FALSE) -> 1.082 | DN58: =VLOOKUP(DK58,$DD$5:$DF$24,3,FALSE) -> 1.085 | EE58: =EE57+1 -> 12 | EF58: =EI58*EK58+EJ58*(1-EI58) -> 0.6125 | EG58: =VLOOKUP(EE58,$DD$5:$DD$24,1,TRUE) -> 9.5 | EH58: =VLOOKUP(EE58,$DD$5:$DD$24,1,TRUE)+4 -> 13.5 | EI58: =(EE58-EG58)/(EH58-EG58) -> 0.625 | EJ58: =VLOOKUP(EG58,$DX$3:$DZ$19,3,FALSE) -> 0.6 | EK58: =VLOOKUP(EH58,$DX$3:$DZ$19,3,FALSE) -> 0.62 | GP58: =+ROUND(GP57+1%,2) -> 0.56 | GQ58: =1/(1+GR58) -> 0.52008602 | GR58: =(1/GP58-1)^(1/3) -> 0.92275884 | GS58: 10 | GT58: =+GS58*(1-GQ58)/GQ58 -> 9.2275884 | GU58: =+GS58/(GT58+GS58) -> 0.52008602 | GV58: =+GS58^3/(GS58^3+GT58^3) -> 0.56
A59: 21 | B59: 0.91640058 | BH59: =BH58+0.5 -> 30 | BI59: =IF(MOD(BH59*2,2)=1,AVERAGE(BI58,BI60),VLOOKUP(BH59,$BB:$BF,5,FALSE)) -> 0.456 | DH59: =DH58+1 -> 7 | DI59: =DL59*DN59+DM59*(1-DL59) -> 1.083125 | DJ59: =VLOOKUP(DH59,$DD$5:$DD$24,1,TRUE) -> 5.5 | DK59: =VLOOKUP(DH59,$DD$5:$DD$24,1,TRUE)+4 -> 9.5 | DL59: =(DH59-DJ59)/(DK59-DJ59) -> 0.375 | DM59: =VLOOKUP(DJ59,$DD$5:$DF$24,3,FALSE) -> 1.082 | DN59: =VLOOKUP(DK59,$DD$5:$DF$24,3,FALSE) -> 1.085 | EE59: =EE58+1 -> 13 | EF59: =EI59*EK59+EJ59*(1-EI59) -> 0.6175 | EG59: =VLOOKUP(EE59,$DD$5:$DD$24,1,TRUE) -> 9.5 | EH59: =VLOOKUP(EE59,$DD$5:$DD$24,1,TRUE)+4 -> 13.5 | EI59: =(EE59-EG59)/(EH59-EG59) -> 0.875 | EJ59: =VLOOKUP(EG59,$DX$3:$DZ$19,3,FALSE) -> 0.6 | EK59: =VLOOKUP(EH59,$DX$3:$DZ$19,3,FALSE) -> 0.62 | GP59: =+ROUND(GP58+1%,2) -> 0.57 | GQ59: =1/(1+GR59) -> 0.52347033 | GR59: =(1/GP59-1)^(1/3) -> 0.91032793 | GS59: 10 | GT59: =+GS59*(1-GQ59)/GQ59 -> 9.1032793 | GU59: =+GS59/(GT59+GS59) -> 0.52347033 | GV59: =+GS59^3/(GS59^3+GT59^3) -> 0.57
A60: 22 | B60: 0.91797871 | BH60: =BH59+0.5 -> 30.5 | BI60: =IF(MOD(BH60*2,2)=1,AVERAGE(BI59,BI61),VLOOKUP(BH60,$BB:$BF,5,FALSE)) -> 0.4585 | DH60: =DH59+1 -> 8 | DI60: =DL60*DN60+DM60*(1-DL60) -> 1.083875 | DJ60: =VLOOKUP(DH60,$DD$5:$DD$24,1,TRUE) -> 5.5 | DK60: =VLOOKUP(DH60,$DD$5:$DD$24,1,TRUE)+4 -> 9.5 | DL60: =(DH60-DJ60)/(DK60-DJ60) -> 0.625 | DM60: =VLOOKUP(DJ60,$DD$5:$DF$24,3,FALSE) -> 1.082 | DN60: =VLOOKUP(DK60,$DD$5:$DF$24,3,FALSE) -> 1.085 | EE60: =EE59+1 -> 14 | EF60: =EI60*EK60+EJ60*(1-EI60) -> 0.6225 | EG60: =VLOOKUP(EE60,$DD$5:$DD$24,1,TRUE) -> 13.5 | EH60: =VLOOKUP(EE60,$DD$5:$DD$24,1,TRUE)+4 -> 17.5 | EI60: =(EE60-EG60)/(EH60-EG60) -> 0.125 | EJ60: =VLOOKUP(EG60,$DX$3:$DZ$19,3,FALSE) -> 0.62 | EK60: =VLOOKUP(EH60,$DX$3:$DZ$19,3,FALSE) -> 0.64 | GP60: =+ROUND(GP59+1%,2) -> 0.58 | GQ60: =1/(1+GR60) -> 0.52687187 | GR60: =(1/GP60-1)^(1/3) -> 0.89799468 | GS60: 10 | GT60: =+GS60*(1-GQ60)/GQ60 -> 8.9799468 | GU60: =+GS60/(GT60+GS60) -> 0.52687187 | GV60: =+GS60^3/(GS60^3+GT60^3) -> 0.58
A61: 23 | B61: 0.91955684 | BH61: =BH60+0.5 -> 31 | BI61: =IF(MOD(BH61*2,2)=1,AVERAGE(BI60,BI62),VLOOKUP(BH61,$BB:$BF,5,FALSE)) -> 0.461 | DH61: =DH60+1 -> 9 | DI61: =DL61*DN61+DM61*(1-DL61) -> 1.084625 | DJ61: =VLOOKUP(DH61,$DD$5:$DD$24,1,TRUE) -> 5.5 | DK61: =VLOOKUP(DH61,$DD$5:$DD$24,1,TRUE)+4 -> 9.5 | DL61: =(DH61-DJ61)/(DK61-DJ61) -> 0.875 | DM61: =VLOOKUP(DJ61,$DD$5:$DF$24,3,FALSE) -> 1.082 | DN61: =VLOOKUP(DK61,$DD$5:$DF$24,3,FALSE) -> 1.085 | EE61: =EE60+1 -> 15 | EF61: =EI61*EK61+EJ61*(1-EI61) -> 0.6275 | EG61: =VLOOKUP(EE61,$DD$5:$DD$24,1,TRUE) -> 13.5 | EH61: =VLOOKUP(EE61,$DD$5:$DD$24,1,TRUE)+4 -> 17.5 | EI61: =(EE61-EG61)/(EH61-EG61) -> 0.375 | EJ61: =VLOOKUP(EG61,$DX$3:$DZ$19,3,FALSE) -> 0.62 | EK61: =VLOOKUP(EH61,$DX$3:$DZ$19,3,FALSE) -> 0.64 | GP61: =+ROUND(GP60+1%,2) -> 0.59 | GQ61: =1/(1+GR61) -> 0.5302933 | GR61: =(1/GP61-1)^(1/3) -> 0.88574889 | GS61: 10 | GT61: =+GS61*(1-GQ61)/GQ61 -> 8.8574889 | GU61: =+GS61/(GT61+GS61) -> 0.5302933 | GV61: =+GS61^3/(GS61^3+GT61^3) -> 0.59
... A68: 30 | B68: 0.92997445 | BH68: =BH67+0.5 -> 34.5 | BI68: =IF(MOD(BH68*2,2)=1,AVERAGE(BI67,BI69),VLOOKUP(BH68,$BB:$BF,5,FALSE)) -> 0.47475 | DH68: =DH67+1 -> 16 | DI68: =DL68*DN68+DM68*(1-DL68) -> 1.089875 | DJ68: =VLOOKUP(DH68,$DD$5:$DD$24,1,TRUE) -> 13.5 | DK68: =VLOOKUP(DH68,$DD$5:$DD$24,1,TRUE)+4 -> 17.5 | DL68: =(DH68-DJ68)/(DK68-DJ68) -> 0.625 | DM68: =VLOOKUP(DJ68,$DD$5:$DF$24,3,FALSE) -> 1.088 | DN68: =VLOOKUP(DK68,$DD$5:$DF$24,3,FALSE) -> 1.091 | EE68: =EE67+1 -> 22 | EF68: =EI68*EK68+EJ68*(1-EI68) -> 0.6625 | EG68: =VLOOKUP(EE68,$DD$5:$DD$24,1,TRUE) -> 21.5 | EH68: =VLOOKUP(EE68,$DD$5:$DD$24,1,TRUE)+4 -> 25.5 | EI68: =(EE68-EG68)/(EH68-EG68) -> 0.125 | EJ68: =VLOOKUP(EG68,$DX$3:$DZ$19,3,FALSE) -> 0.66 | EK68: =VLOOKUP(EH68,$DX$3:$DZ$19,3,FALSE) -> 0.68 | GP68: =+ROUND(GP67+1%,2) -> 0.66 | GQ68: =1/(1+GR68) -> 0.55505044 | GR68: =(1/GP68-1)^(1/3) -> 0.80163806 | GS68: 10 | GT68: =+GS68*(1-GQ68)/GQ68 -> 8.0163806 | GU68: =+GS68/(GT68+GS68) -> 0.55505044 | GV68: =+GS68^3/(GS68^3+GT68^3) -> 0.66
BH69: =BH68+0.5 -> 35 | BI69: =IF(MOD(BH69*2,2)=1,AVERAGE(BI68,BI70),VLOOKUP(BH69,$BB:$BF,5,FALSE)) -> 0.476 | DH69: =DH68+1 -> 17 | DI69: =DL69*DN69+DM69*(1-DL69) -> 1.090625 | DJ69: =VLOOKUP(DH69,$DD$5:$DD$24,1,TRUE) -> 13.5 | DK69: =VLOOKUP(DH69,$DD$5:$DD$24,1,TRUE)+4 -> 17.5 | DL69: =(DH69-DJ69)/(DK69-DJ69) -> 0.875 | DM69: =VLOOKUP(DJ69,$DD$5:$DF$24,3,FALSE) -> 1.088 | DN69: =VLOOKUP(DK69,$DD$5:$DF$24,3,FALSE) -> 1.091 | EE69: =EE68+1 -> 23 | EF69: =EI69*EK69+EJ69*(1-EI69) -> 0.6675 | EG69: =VLOOKUP(EE69,$DD$5:$DD$24,1,TRUE) -> 21.5 | EH69: =VLOOKUP(EE69,$DD$5:$DD$24,1,TRUE)+4 -> 25.5 | EI69: =(EE69-EG69)/(EH69-EG69) -> 0.375 | EJ69: =VLOOKUP(EG69,$DX$3:$DZ$19,3,FALSE) -> 0.66 | EK69: =VLOOKUP(EH69,$DX$3:$DZ$19,3,FALSE) -> 0.68 | GP69: =+ROUND(GP68+1%,2) -> 0.67 | GQ69: =1/(1+GR69) -> 0.55874289 | GR69: =(1/GP69-1)^(1/3) -> 0.78973196 | GS69: 10 | GT69: =+GS69*(1-GQ69)/GQ69 -> 7.8973196 | GU69: =+GS69/(GT69+GS69) -> 0.55874289 | GV69: =+GS69^3/(GS69^3+GT69^3) -> 0.67
BH70: =BH69+0.5 -> 35.5 | BI70: =IF(MOD(BH70*2,2)=1,AVERAGE(BI69,BI71),VLOOKUP(BH70,$BB:$BF,5,FALSE)) -> 0.47725 | DH70: =DH69+1 -> 18 | DI70: =DL70*DN70+DM70*(1-DL70) -> 1.091375 | DJ70: =VLOOKUP(DH70,$DD$5:$DD$24,1,TRUE) -> 17.5 | DK70: =VLOOKUP(DH70,$DD$5:$DD$24,1,TRUE)+4 -> 21.5 | DL70: =(DH70-DJ70)/(DK70-DJ70) -> 0.125 | DM70: =VLOOKUP(DJ70,$DD$5:$DF$24,3,FALSE) -> 1.091 | DN70: =VLOOKUP(DK70,$DD$5:$DF$24,3,FALSE) -> 1.094 | EE70: =EE69+1 -> 24 | EF70: =EI70*EK70+EJ70*(1-EI70) -> 0.6725 | EG70: =VLOOKUP(EE70,$DD$5:$DD$24,1,TRUE) -> 21.5 | EH70: =VLOOKUP(EE70,$DD$5:$DD$24,1,TRUE)+4 -> 25.5 | EI70: =(EE70-EG70)/(EH70-EG70) -> 0.625 | EJ70: =VLOOKUP(EG70,$DX$3:$DZ$19,3,FALSE) -> 0.66 | EK70: =VLOOKUP(EH70,$DX$3:$DZ$19,3,FALSE) -> 0.68 | GP70: =+ROUND(GP69+1%,2) -> 0.68 | GQ70: =1/(1+GR70) -> 0.56248593 | GR70: =(1/GP70-1)^(1/3) -> 0.77782224 | GS70: 10 | GT70: =+GS70*(1-GQ70)/GQ70 -> 7.7782224 | GU70: =+GS70/(GT70+GS70) -> 0.56248593 | GV70: =+GS70^3/(GS70^3+GT70^3) -> 0.68
BH71: =BH70+0.5 -> 36 | BI71: =IF(MOD(BH71*2,2)=1,AVERAGE(BI70,BI72),VLOOKUP(BH71,$BB:$BF,5,FALSE)) -> 0.4785 | DH71: =DH70+1 -> 19 | DI71: =DL71*DN71+DM71*(1-DL71) -> 1.092125 | DJ71: =VLOOKUP(DH71,$DD$5:$DD$24,1,TRUE) -> 17.5 | DK71: =VLOOKUP(DH71,$DD$5:$DD$24,1,TRUE)+4 -> 21.5 | DL71: =(DH71-DJ71)/(DK71-DJ71) -> 0.375 | DM71: =VLOOKUP(DJ71,$DD$5:$DF$24,3,FALSE) -> 1.091 | DN71: =VLOOKUP(DK71,$DD$5:$DF$24,3,FALSE) -> 1.094 | EE71: =EE70+1 -> 25 | EF71: =EI71*EK71+EJ71*(1-EI71) -> 0.6775 | EG71: =VLOOKUP(EE71,$DD$5:$DD$24,1,TRUE) -> 21.5 | EH71: =VLOOKUP(EE71,$DD$5:$DD$24,1,TRUE)+4 -> 25.5 | EI71: =(EE71-EG71)/(EH71-EG71) -> 0.875 | EJ71: =VLOOKUP(EG71,$DX$3:$DZ$19,3,FALSE) -> 0.66 | EK71: =VLOOKUP(EH71,$DX$3:$DZ$19,3,FALSE) -> 0.68 | GP71: =+ROUND(GP70+1%,2) -> 0.69 | GQ71: =1/(1+GR71) -> 0.56628416 | GR71: =(1/GP71-1)^(1/3) -> 0.76589788 | GS71: 10 | GT71: =+GS71*(1-GQ71)/GQ71 -> 7.6589788 | GU71: =+GS71/(GT71+GS71) -> 0.56628416 | GV71: =+GS71^3/(GS71^3+GT71^3) -> 0.69
BH72: =BH71+0.5 -> 36.5 | BI72: =IF(MOD(BH72*2,2)=1,AVERAGE(BI71,BI73),VLOOKUP(BH72,$BB:$BF,5,FALSE)) -> 0.47975 | DH72: =DH71+1 -> 20 | DI72: =DL72*DN72+DM72*(1-DL72) -> 1.092875 | DJ72: =VLOOKUP(DH72,$DD$5:$DD$24,1,TRUE) -> 17.5 | DK72: =VLOOKUP(DH72,$DD$5:$DD$24,1,TRUE)+4 -> 21.5 | DL72: =(DH72-DJ72)/(DK72-DJ72) -> 0.625 | DM72: =VLOOKUP(DJ72,$DD$5:$DF$24,3,FALSE) -> 1.091 | DN72: =VLOOKUP(DK72,$DD$5:$DF$24,3,FALSE) -> 1.094 | EE72: =EE71+1 -> 26 | EF72: =EF71+(EF71-EF70) -> 0.6825 | EG72: =VLOOKUP(EE72,$DD$5:$DD$24,1,TRUE) -> 25.5 | EH72: =VLOOKUP(EE72,$DD$5:$DD$24,1,TRUE)+4 -> 29.5 | EI72: =(EE72-EG72)/(EH72-EG72) -> 0.125 | EJ72: =VLOOKUP(EG72,$DX$3:$DZ$19,3,FALSE) -> 0.68 | EK72: =VLOOKUP(EH72,$DX$3:$DZ$19,3,FALSE) -> #N/A | GP72: =+ROUND(GP71+1%,2) -> 0.7 | GQ72: =1/(1+GR72) -> 0.57014251 | GR72: =(1/GP72-1)^(1/3) -> 0.75394744 | GS72: 10 | GT72: =+GS72*(1-GQ72)/GQ72 -> 7.5394744 | GU72: =+GS72/(GT72+GS72) -> 0.57014251 | GV72: =+GS72^3/(GS72^3+GT72^3) -> 0.7
BH73: =BH72+0.5 -> 37 | BI73: =IF(MOD(BH73*2,2)=1,AVERAGE(BI72,BI74),VLOOKUP(BH73,$BB:$BF,5,FALSE)) -> 0.481 | DH73: =DH72+1 -> 21 | DI73: =DL73*DN73+DM73*(1-DL73) -> 1.093625 | DJ73: =VLOOKUP(DH73,$DD$5:$DD$24,1,TRUE) -> 17.5 | DK73: =VLOOKUP(DH73,$DD$5:$DD$24,1,TRUE)+4 -> 21.5 | DL73: =(DH73-DJ73)/(DK73-DJ73) -> 0.875 | DM73: =VLOOKUP(DJ73,$DD$5:$DF$24,3,FALSE) -> 1.091 | DN73: =VLOOKUP(DK73,$DD$5:$DF$24,3,FALSE) -> 1.094 | EE73: =EE72+1 -> 27 | EF73: =EF72+(EF72-EF71) -> 0.6875 | EG73: =VLOOKUP(EE73,$DD$5:$DD$24,1,TRUE) -> 25.5 | EH73: =VLOOKUP(EE73,$DD$5:$DD$24,1,TRUE)+4 -> 29.5 | EI73: =(EE73-EG73)/(EH73-EG73) -> 0.375 | EJ73: =VLOOKUP(EG73,$DX$3:$DZ$19,3,FALSE) -> 0.68 | EK73: =VLOOKUP(EH73,$DX$3:$DZ$19,3,FALSE) -> #N/A | GP73: =+ROUND(GP72+1%,2) -> 0.71 | GQ73: =1/(1+GR73) -> 0.57406634 | GR73: =(1/GP73-1)^(1/3) -> 0.74195896 | GS73: 10 | GT73: =+GS73*(1-GQ73)/GQ73 -> 7.4195896 | GU73: =+GS73/(GT73+GS73) -> 0.57406634 | GV73: =+GS73^3/(GS73^3+GT73^3) -> 0.71
BH74: =BH73+0.5 -> 37.5 | BI74: =IF(MOD(BH74*2,2)=1,AVERAGE(BI73,BI75),VLOOKUP(BH74,$BB:$BF,5,FALSE)) -> 0.48225 | DH74: =DH73+1 -> 22 | DI74: =DL74*DN74+DM74*(1-DL74) -> 1.094375 | DJ74: =VLOOKUP(DH74,$DD$5:$DD$24,1,TRUE) -> 21.5 | DK74: =VLOOKUP(DH74,$DD$5:$DD$24,1,TRUE)+4 -> 25.5 | DL74: =(DH74-DJ74)/(DK74-DJ74) -> 0.125 | DM74: =VLOOKUP(DJ74,$DD$5:$DF$24,3,FALSE) -> 1.094 | DN74: =VLOOKUP(DK74,$DD$5:$DF$24,3,FALSE) -> 1.097 | EE74: =EE73+1 -> 28 | EF74: =EF73+(EF73-EF72) -> 0.6925 | EG74: =VLOOKUP(EE74,$DD$5:$DD$24,1,TRUE) -> 25.5 | EH74: =VLOOKUP(EE74,$DD$5:$DD$24,1,TRUE)+4 -> 29.5 | EI74: =(EE74-EG74)/(EH74-EG74) -> 0.625 | EJ74: =VLOOKUP(EG74,$DX$3:$DZ$19,3,FALSE) -> 0.68 | EK74: =VLOOKUP(EH74,$DX$3:$DZ$19,3,FALSE) -> #N/A | GP74: =+ROUND(GP73+1%,2) -> 0.72 | GQ74: =1/(1+GR74) -> 0.57806146 | GR74: =(1/GP74-1)^(1/3) -> 0.72991986 | GS74: 10 | GT74: =+GS74*(1-GQ74)/GQ74 -> 7.2991986 | GU74: =+GS74/(GT74+GS74) -> 0.57806146 | GV74: =+GS74^3/(GS74^3+GT74^3) -> 0.72
BH75: =BH74+0.5 -> 38 | BI75: =IF(MOD(BH75*2,2)=1,AVERAGE(BI74,BI76),VLOOKUP(BH75,$BB:$BF,5,FALSE)) -> 0.4835 | DH75: =DH74+1 -> 23 | DI75: =DL75*DN75+DM75*(1-DL75) -> 1.095125 | DJ75: =VLOOKUP(DH75,$DD$5:$DD$24,1,TRUE) -> 21.5 | DK75: =VLOOKUP(DH75,$DD$5:$DD$24,1,TRUE)+4 -> 25.5 | DL75: =(DH75-DJ75)/(DK75-DJ75) -> 0.375 | DM75: =VLOOKUP(DJ75,$DD$5:$DF$24,3,FALSE) -> 1.094 | DN75: =VLOOKUP(DK75,$DD$5:$DF$24,3,FALSE) -> 1.097 | EE75: =EE74+1 -> 29 | EF75: =EF74+(EF74-EF73) -> 0.6975 | EG75: =VLOOKUP(EE75,$DD$5:$DD$24,1,TRUE) -> 25.5 | EH75: =VLOOKUP(EE75,$DD$5:$DD$24,1,TRUE)+4 -> 29.5 | EI75: =(EE75-EG75)/(EH75-EG75) -> 0.875 | EJ75: =VLOOKUP(EG75,$DX$3:$DZ$19,3,FALSE) -> 0.68 | EK75: =VLOOKUP(EH75,$DX$3:$DZ$19,3,FALSE) -> #N/A | GP75: =+ROUND(GP74+1%,2) -> 0.73 | GQ75: =1/(1+GR75) -> 0.58213424 | GR75: =(1/GP75-1)^(1/3) -> 0.71781683 | GS75: 10 | GT75: =+GS75*(1-GQ75)/GQ75 -> 7.1781683 | GU75: =+GS75/(GT75+GS75) -> 0.58213424 | GV75: =+GS75^3/(GS75^3+GT75^3) -> 0.73
BH76: =BH75+0.5 -> 38.5 | BI76: =IF(MOD(BH76*2,2)=1,AVERAGE(BI75,BI77),VLOOKUP(BH76,$BB:$BF,5,FALSE)) -> 0.48475 | DH76: =DH75+1 -> 24 | DI76: =DL76*DN76+DM76*(1-DL76) -> 1.095875 | DJ76: =VLOOKUP(DH76,$DD$5:$DD$24,1,TRUE) -> 21.5 | DK76: =VLOOKUP(DH76,$DD$5:$DD$24,1,TRUE)+4 -> 25.5 | DL76: =(DH76-DJ76)/(DK76-DJ76) -> 0.625 | DM76: =VLOOKUP(DJ76,$DD$5:$DF$24,3,FALSE) -> 1.094 | DN76: =VLOOKUP(DK76,$DD$5:$DF$24,3,FALSE) -> 1.097 | EE76: =EE75+1 -> 30 | EF76: =EF75+(EF75-EF74) -> 0.7025 | EG76: =VLOOKUP(EE76,$DD$5:$DD$24,1,TRUE) -> 29.5 | EH76: =VLOOKUP(EE76,$DD$5:$DD$24,1,TRUE)+4 -> 33.5 | EI76: =(EE76-EG76)/(EH76-EG76) -> 0.125 | EJ76: =VLOOKUP(EG76,$DX$3:$DZ$19,3,FALSE) -> #N/A | EK76: =VLOOKUP(EH76,$DX$3:$DZ$19,3,FALSE) -> #N/A | GP76: =+ROUND(GP75+1%,2) -> 0.74 | GQ76: =1/(1+GR76) -> 0.58629167 | GR76: =(1/GP76-1)^(1/3) -> 0.7056357 | GS76: 10 | GT76: =+GS76*(1-GQ76)/GQ76 -> 7.056357 | GU76: =+GS76/(GT76+GS76) -> 0.58629167 | GV76: =+GS76^3/(GS76^3+GT76^3) -> 0.74
BH77: =BH76+0.5 -> 39 | BI77: =IF(MOD(BH77*2,2)=1,AVERAGE(BI76,BI78),VLOOKUP(BH77,$BB:$BF,5,FALSE)) -> 0.486 | DH77: =DH76+1 -> 25 | DI77: =DL77*DN77+DM77*(1-DL77) -> 1.096625 | DJ77: =VLOOKUP(DH77,$DD$5:$DD$24,1,TRUE) -> 21.5 | DK77: =VLOOKUP(DH77,$DD$5:$DD$24,1,TRUE)+4 -> 25.5 | DL77: =(DH77-DJ77)/(DK77-DJ77) -> 0.875 | DM77: =VLOOKUP(DJ77,$DD$5:$DF$24,3,FALSE) -> 1.094 | DN77: =VLOOKUP(DK77,$DD$5:$DF$24,3,FALSE) -> 1.097 | GP77: =+ROUND(GP76+1%,2) -> 0.75 | GQ77: =1/(1+GR77) -> 0.59054144 | GR77: =(1/GP77-1)^(1/3) -> 0.69336127 | GS77: 10 | GT77: =+GS77*(1-GQ77)/GQ77 -> 6.9336127 | GU77: =+GS77/(GT77+GS77) -> 0.59054144 | GV77: =+GS77^3/(GS77^3+GT77^3) -> 0.75
BH78: =BH77+0.5 -> 39.5 | BI78: =IF(MOD(BH78*2,2)=1,AVERAGE(BI77,BI79),VLOOKUP(BH78,$BB:$BF,5,FALSE)) -> 0.48725 | DH78: =DH77+1 -> 26 | DI78: =DL78*DN78+DM78*(1-DL78) -> 1.097375 | DJ78: =VLOOKUP(DH78,$DD$5:$DD$24,1,TRUE) -> 25.5 | DK78: =VLOOKUP(DH78,$DD$5:$DD$24,1,TRUE)+4 -> 29.5 | DL78: =(DH78-DJ78)/(DK78-DJ78) -> 0.125 | DM78: =VLOOKUP(DJ78,$DD$5:$DF$24,3,FALSE) -> 1.097 | DN78: =VLOOKUP(DK78,$DD$5:$DF$24,3,FALSE) -> 1.1 | GP78: =+ROUND(GP77+1%,2) -> 0.76 | GQ78: =1/(1+GR78) -> 0.59489208 | GR78: =(1/GP78-1)^(1/3) -> 0.68097717 | GS78: 10 | GT78: =+GS78*(1-GQ78)/GQ78 -> 6.8097717 | GU78: =+GS78/(GT78+GS78) -> 0.59489208 | GV78: =+GS78^3/(GS78^3+GT78^3) -> 0.76
BH79: =BH78+0.5 -> 40 | BI79: =IF(MOD(BH79*2,2)=1,AVERAGE(BI78,BI80),VLOOKUP(BH79,$BB:$BF,5,FALSE)) -> 0.4885 | DH79: =DH78+1 -> 27 | DI79: =DL79*DN79+DM79*(1-DL79) -> 1.098125 | DJ79: =VLOOKUP(DH79,$DD$5:$DD$24,1,TRUE) -> 25.5 | DK79: =VLOOKUP(DH79,$DD$5:$DD$24,1,TRUE)+4 -> 29.5 | DL79: =(DH79-DJ79)/(DK79-DJ79) -> 0.375 | DM79: =VLOOKUP(DJ79,$DD$5:$DF$24,3,FALSE) -> 1.097 | DN79: =VLOOKUP(DK79,$DD$5:$DF$24,3,FALSE) -> 1.1 | GP79: =+ROUND(GP78+1%,2) -> 0.77 | GQ79: =1/(1+GR79) -> 0.5993531 | GR79: =(1/GP79-1)^(1/3) -> 0.66846556 | GS79: 10 | GT79: =+GS79*(1-GQ79)/GQ79 -> 6.6846556 | GU79: =+GS79/(GT79+GS79) -> 0.5993531 | GV79: =+GS79^3/(GS79^3+GT79^3) -> 0.77
DH80: =DH79+1 -> 28 | DI80: =DL80*DN80+DM80*(1-DL80) -> 1.098875 | DJ80: =VLOOKUP(DH80,$DD$5:$DD$24,1,TRUE) -> 25.5 | DK80: =VLOOKUP(DH80,$DD$5:$DD$24,1,TRUE)+4 -> 29.5 | DL80: =(DH80-DJ80)/(DK80-DJ80) -> 0.625 | DM80: =VLOOKUP(DJ80,$DD$5:$DF$24,3,FALSE) -> 1.097 | DN80: =VLOOKUP(DK80,$DD$5:$DF$24,3,FALSE) -> 1.1 | GP80: =+ROUND(GP79+1%,2) -> 0.78 | GQ80: =1/(1+GR80) -> 0.60393513 | GR80: =(1/GP80-1)^(1/3) -> 0.65580697 | GS80: 10 | GT80: =+GS80*(1-GQ80)/GQ80 -> 6.5580697 | GU80: =+GS80/(GT80+GS80) -> 0.60393513 | GV80: =+GS80^3/(GS80^3+GT80^3) -> 0.78
DH81: =DH80+1 -> 29 | DI81: =DL81*DN81+DM81*(1-DL81) -> 1.099625 | DJ81: =VLOOKUP(DH81,$DD$5:$DD$24,1,TRUE) -> 25.5 | DK81: =VLOOKUP(DH81,$DD$5:$DD$24,1,TRUE)+4 -> 29.5 | DL81: =(DH81-DJ81)/(DK81-DJ81) -> 0.875 | DM81: =VLOOKUP(DJ81,$DD$5:$DF$24,3,FALSE) -> 1.097 | DN81: =VLOOKUP(DK81,$DD$5:$DF$24,3,FALSE) -> 1.1 | GP81: =+ROUND(GP80+1%,2) -> 0.79 | GQ81: =1/(1+GR81) -> 0.60865017 | GR81: =(1/GP81-1)^(1/3) -> 0.64297991 | GS81: 10 | GT81: =+GS81*(1-GQ81)/GQ81 -> 6.4297991 | GU81: =+GS81/(GT81+GS81) -> 0.60865017 | GV81: =+GS81^3/(GS81^3+GT81^3) -> 0.79
DH82: =DH81+1 -> 30 | DI82: 1.1 | DJ82: =VLOOKUP(DH82,$DD$5:$DD$24,1,TRUE) -> 29.5 | DK82: =VLOOKUP(DH82,$DD$5:$DD$24,1,TRUE)+4 -> 33.5 | DL82: =(DH82-DJ82)/(DK82-DJ82) -> 0.125 | DM82: =VLOOKUP(DJ82,$DD$5:$DF$24,3,FALSE) -> 1.1 | DN82: =VLOOKUP(DK82,$DD$5:$DF$24,3,FALSE) -> #N/A | GP82: =+ROUND(GP81+1%,2) -> 0.8 | GQ82: =1/(1+GR82) -> 0.61351179 | GR82: =(1/GP82-1)^(1/3) -> 0.62996052 | GS82: 10 | GT82: =+GS82*(1-GQ82)/GQ82 -> 6.2996052 | GU82: =+GS82/(GT82+GS82) -> 0.61351179 | GV82: =+GS82^3/(GS82^3+GT82^3) -> 0.8
GP83: =+ROUND(GP82+1%,2) -> 0.81 | GQ83: =1/(1+GR83) -> 0.61853548 | GR83: =(1/GP83-1)^(1/3) -> 0.61672212 | GS83: 10 | GT83: =+GS83*(1-GQ83)/GQ83 -> 6.1672212 | GU83: =+GS83/(GT83+GS83) -> 0.61853548 | GV83: =+GS83^3/(GS83^3+GT83^3) -> 0.81
GP84: =+ROUND(GP83+1%,2) -> 0.82 | GQ84: =1/(1+GR84) -> 0.62373905 | GR84: =(1/GP84-1)^(1/3) -> 0.60323456 | GS84: 10 | GT84: =+GS84*(1-GQ84)/GQ84 -> 6.0323456 | GU84: =+GS84/(GT84+GS84) -> 0.62373905 | GV84: =+GS84^3/(GS84^3+GT84^3) -> 0.82
GP85: =+ROUND(GP84+1%,2) -> 0.83 | GQ85: =1/(1+GR85) -> 0.62914309 | GR85: =(1/GP85-1)^(1/3) -> 0.58946353 | GS85: 10 | GT85: =+GS85*(1-GQ85)/GQ85 -> 5.8946353 | GU85: =+GS85/(GT85+GS85) -> 0.62914309 | GV85: =+GS85^3/(GS85^3+GT85^3) -> 0.83
GP86: =+ROUND(GP85+1%,2) -> 0.84 | GQ86: =1/(1+GR86) -> 0.63477168 | GR86: =(1/GP86-1)^(1/3) -> 0.57536958 | GS86: 10 | GT86: =+GS86*(1-GQ86)/GQ86 -> 5.7536958 | GU86: =+GS86/(GT86+GS86) -> 0.63477168 | GV86: =+GS86^3/(GS86^3+GT86^3) -> 0.84
GP87: =+ROUND(GP86+1%,2) -> 0.85 | GQ87: =1/(1+GR87) -> 0.6406532 | GR87: =(1/GP87-1)^(1/3) -> 0.56090689 | GS87: 10 | GT87: =+GS87*(1-GQ87)/GQ87 -> 5.6090689 | GU87: =+GS87/(GT87+GS87) -> 0.6406532 | GV87: =+GS87^3/(GS87^3+GT87^3) -> 0.85
GP88: =+ROUND(GP87+1%,2) -> 0.86 | GQ88: =1/(1+GR88) -> 0.64682147 | GR88: =(1/GP88-1)^(1/3) -> 0.54602165 | GS88: 10 | GT88: =+GS88*(1-GQ88)/GQ88 -> 5.4602165 | GU88: =+GS88/(GT88+GS88) -> 0.64682147 | GV88: =+GS88^3/(GS88^3+GT88^3) -> 0.86
GP89: =+ROUND(GP88+1%,2) -> 0.87 | GQ89: =1/(1+GR89) -> 0.65331729 | GR89: =(1/GP89-1)^(1/3) -> 0.53064983 | GS89: 10 | GT89: =+GS89*(1-GQ89)/GQ89 -> 5.3064983 | GU89: =+GS89/(GT89+GS89) -> 0.65331729 | GV89: =+GS89^3/(GS89^3+GT89^3) -> 0.87
GP90: =+ROUND(GP89+1%,2) -> 0.88 | GQ90: =1/(1+GR90) -> 0.66019053 | GR90: =(1/GP90-1)^(1/3) -> 0.51471425 | GS90: 10 | GT90: =+GS90*(1-GQ90)/GQ90 -> 5.1471425 | GU90: =+GS90/(GT90+GS90) -> 0.66019053 | GV90: =+GS90^3/(GS90^3+GT90^3) -> 0.88
GP91: =+ROUND(GP90+1%,2) -> 0.89 | GQ91: =1/(1+GR91) -> 0.66750314 | GR91: =(1/GP91-1)^(1/3) -> 0.49812028 | GS91: 10 | GT91: =+GS91*(1-GQ91)/GQ91 -> 4.9812028 | GU91: =+GS91/(GT91+GS91) -> 0.66750314 | GV91: =+GS91^3/(GS91^3+GT91^3) -> 0.89
GP92: =+ROUND(GP91+1%,2) -> 0.9 | GQ92: =1/(1+GR92) -> 0.67533351 | GR92: =(1/GP92-1)^(1/3) -> 0.48074986 | GS92: 10 | GT92: =+GS92*(1-GQ92)/GQ92 -> 4.8074986 | GU92: =+GS92/(GT92+GS92) -> 0.67533351 | GV92: =+GS92^3/(GS92^3+GT92^3) -> 0.9
GP93: =+ROUND(GP92+1%,2) -> 0.91 | GQ93: =1/(1+GR93) -> 0.68378294 | GR93: =(1/GP93-1)^(1/3) -> 0.4624524 | GS93: 10 | GT93: =+GS93*(1-GQ93)/GQ93 -> 4.624524 | GU93: =+GS93/(GT93+GS93) -> 0.68378294 | GV93: =+GS93^3/(GS93^3+GT93^3) -> 0.91
GP94: =+ROUND(GP93+1%,2) -> 0.92 | GQ94: =1/(1+GR94) -> 0.69298584 | GR94: =(1/GP94-1)^(1/3) -> 0.44303094 | GS94: 10 | GT94: =+GS94*(1-GQ94)/GQ94 -> 4.4303094 | GU94: =+GS94/(GT94+GS94) -> 0.69298584 | GV94: =+GS94^3/(GS94^3+GT94^3) -> 0.92
... GP102: =+ROUND(GP101+1%,2) -> 1 | GQ102: =1/(1+GR102) -> 1 | GR102: =(1/GP102-1)^(1/3) -> 0 | GS102: 10 | GT102: =+GS102*(1-GQ102)/GQ102 -> 0 | GU102: =+GS102/(GT102+GS102) -> 1 | GV102: =+GS102^3/(GS102^3+GT102^3) -> 1

Sheet conv_Kstars
CA1: non LS | DE1: LS
AX5: 1 | AY5: =+AX5+0.5 -> 1.5 | AZ5: =+AY5+0.5 -> 2 | BA5: =+AZ5+0.5 -> 2.5 | BB5: =+BA5+0.5 -> 3 | BC5: =+BB5+0.5 -> 3.5 | BD5: =+BC5+0.5 -> 4 | BE5: =+BD5+0.5 -> 4.5 | BF5: =+BE5+0.5 -> 5 | ... BU5: =+BT5+0.5 -> 12.5
A6: Event | B6: <=1 | C6: 1.5 | D6: 2 | E6: 2.5 | F6: 3 | G6: 3.5 | H6: 4 | I6: 4.5 | J6: 5 | K6: 5.5 | L6: 6 | M6: 6.5 | N6: 7 | O6: 7.5 | P6: 8 | Q6: 8.5 | R6: 9 | S6: 9.5 | T6: 10 | U6: 10.5 | V6: 11 | W6: 11.5 | X6: 12 | Y6: 12.5+ | Z6: <=1 | AA6: 1.5 | AB6: 2 | AC6: 2.5 | AD6: 3 | AE6: 3.5 | AF6: 4 | AG6: 4.5 | AH6: 5 | AI6: 5.5 | AJ6: 6 | AK6: 6.5 | AL6: 7 | AM6: 7.5 | AN6: 8 | AO6: 8.5 | AP6: 9 | AQ6: 9.5 | AR6: 10 | AS6: 10.5 | AT6: 11 | AU6: 11.5 | AV6: 12 | AW6: 12.5+ | AX6: <=1 | AY6: 1.5 | AZ6: 2 | BA6: 2.5 | BB6: 3 | BC6: 3.5 | BD6: 4 | BE6: 4.5 | BF6: 5 | BG6: 5.5 | BH6: 6 | BI6: 6.5 | BJ6: 7 | BK6: 7.5 | BL6: 8 | BM6: 8.5 | BN6: 9 | BO6: 9.5 | BP6: 10 | BQ6: 10.5 | BR6: 11 | BS6: 11.5 | BT6: 12 | BU6: 12.5+ | CA6: Event | CB6: 0 | CC6: =+AY5 -> 1.5 | CD6: =+AZ5 -> 2 | CE6: =+BA5 -> 2.5 | CF6: =+BB5 -> 3 | CG6: =+BC5 -> 3.5 | CH6: =+BD5 -> 4 | CI6: =+BE5 -> 4.5 | CJ6: =+BF5 -> 5 | ... CY6: =+BU5 -> 12.5 | CZ6: wtd | DA6: actual | DB6: normal wtd ls dist | DC6: ls conv | DE6: Event | DF6: =CB6 -> 0 | DG6: =CC6 -> 1.5 | DH6: =CD6 -> 2 | DI6: =CE6 -> 2.5 | DJ6: =CF6 -> 3 | DK6: =CG6 -> 3.5 | DL6: =CH6 -> 4 | DM6: =CI6 -> 4.5 | ... EC6: =CY6 -> 12.5 | ED6: wtd | EE6: actual
A7: CornerAnyone | B7: 227 | C7: 306 | D7: 541 | E7: 1007 | F7: 2189 | G7: 4509 | H7: 7448 | I7: 8869 | J7: 10451 | K7: 11651 | L7: 12376 | M7: 12635 | N7: 12247 | O7: 10902 | P7: 9242 | Q7: 7522 | R7: 5256 | S7: 3641 | T7: 1996 | U7: 1057 | V7: 522 | W7: 250 | X7: 130 | Y7: 100 | Z7: 195 | AA7: 264 | AB7: 441 | AC7: 804 | AD7: 1627 | AE7: 3226 | AF7: 5017 | AG7: 5730 | AH7: 6269 | AI7: 6680 | AJ7: 6703 | AK7: 6507 | AL7: 5983 | AM7: 5187 | AN7: 4241 | AO7: 3217 | AP7: 2214 | AQ7: 1361 | AR7: 734 | AS7: 379 | AT7: 164 | AU7: 74 | AV7: 40 | AW7: 34 | AX7: 0.85903084 | AY7: 0.8627451 | AZ7: 0.81515712 | BA7: 0.79841112 | BB7: 0.74326176 | BC7: 0.71545797 | BD7: 0.67360365 | BE7: 0.64607058 | BF7: 0.5998469 | BG7: 0.57334134 | BH7: 0.5416128 | BI7: 0.51499802 | BJ7: 0.4885278 | BK7: 0.47578426 | BL7: 0.45888336 | BM7: 0.42767881 | BN7: 0.42123288 | BO7: 0.37379841 | BP7: 0.36773547 | BQ7: 0.35856197 | BR7: 0.31417625 | BS7: 0.296 | BT7: 0.30769231 | BU7: 0.34 | BV7: 125074 | BW7: 67091 | BX7: 0.53641045 | BZ7: use isp | CA7: CornerAnyone | DE7: CornerAnyone
A8: CornerHead | B8: 74 | C8: 137 | D8: 208 | E8: 366 | F8: 764 | G8: 1455 | H8: 2355 | I8: 2962 | J8: 3356 | K8: 3895 | L8: 4342 | M8: 4520 | N8: 4483 | O8: 4332 | P8: 3943 | Q8: 3259 | R8: 2562 | S8: 1797 | T8: 1114 | U8: 579 | V8: 307 | W8: 168 | X8: 79 | Y8: 42 | Z8: 44 | AA8: 84 | AB8: 128 | AC8: 222 | AD8: 518 | AE8: 949 | AF8: 1541 | AG8: 1978 | AH8: 2260 | AI8: 2517 | AJ8: 2840 | AK8: 2886 | AL8: 2732 | AM8: 2592 | AN8: 2280 | AO8: 1846 | AP8: 1393 | AQ8: 936 | AR8: 519 | AS8: 282 | AT8: 130 | AU8: 89 | AV8: 32 | AW8: 24 | AX8: 0.59459459 | AY8: 0.61313869 | AZ8: 0.61538462 | BA8: 0.60655738 | BB8: 0.67801047 | BC8: 0.65223368 | BD8: 0.65435244 | BE8: 0.66779203 | BF8: 0.67342074 | BG8: 0.64621309 | BH8: 0.65407646 | BI8: 0.63849558 | BJ8: 0.60941334 | BK8: 0.59833795 | BL8: 0.57823992 | BM8: 0.56643142 | BN8: 0.54371585 | BO8: 0.52086811 | BP8: 0.46588869 | BQ8: 0.48704663 | BR8: 0.42345277 | BS8: 0.5297619 | BT8: 0.40506329 | BU8: 0.57142857 | BV8: 47099 | BW8: 28822 | BX8: 0.61194505 | BZ8: use head conversion rate | CA8: CornerHead | DE8: CornerHead | ED8: LS wtd | EF8: calc remaining gap
A9: ExperienceFwd | B9: 62 | C9: 81 | D9: 121 | E9: 194 | F9: 441 | G9: 926 | H9: 1603 | I9: 1916 | J9: 2267 | K9: 2478 | L9: 2635 | M9: 2709 | N9: 2646 | O9: 2341 | P9: 2089 | Q9: 1611 | R9: 1181 | S9: 847 | T9: 441 | U9: 204 | V9: 110 | W9: 41 | X9: 20 | Y9: 8 | Z9: 50 | AA9: 64 | AB9: 92 | AC9: 153 | AD9: 304 | AE9: 614 | AF9: 988 | AG9: 1085 | AH9: 1173 | AI9: 1147 | AJ9: 1162 | AK9: 1130 | AL9: 1017 | AM9: 883 | AN9: 682 | AO9: 540 | AP9: 367 | AQ9: 244 | AR9: 125 | AS9: 54 | AT9: 24 | AU9: 4 | AV9: 6 | AW9: 0 | AX9: 0.80645161 | AY9: 0.79012346 | AZ9: 0.76033058 | BA9: 0.78865979 | BB9: 0.6893424 | BC9: 0.66306695 | BD9: 0.61634435 | BE9: 0.56628392 | BF9: 0.51742391 | BG9: 0.46287328 | BH9: 0.44098672 | BI9: 0.41712809 | BJ9: 0.38435374 | BK9: 0.37718924 | BL9: 0.326472 | BM9: 0.33519553 | BN9: 0.3107536 | BO9: 0.28807556 | BP9: 0.28344671 | BQ9: 0.26470588 | BR9: 0.21818182 | BS9: 0.097560976 | BT9: 0.3 | BU9: 0 | BV9: 26972 | BW9: 11908 | BX9: 0.44149488 | CA9: ExperienceFwd | CB9: =+AX9 -> 0.80645161 | CC9: =+AY9 -> 0.79012346 | CD9: 0.757 | CE9: 0.723 | CF9: =+BB9 -> 0.6893424 | CG9: =+BC9 -> 0.66306695 | CH9: =+BD9 -> 0.61634435 | CI9: =+BE9 -> 0.56628392 | CJ9: =+BF9 -> 0.51742391 | CK9: =+BG9 -> 0.46287328 | CL9: =+BH9 -> 0.44098672 | CM9: =+BI9 -> 0.41712809 | ... CO9: =+BK9 -> 0.37718924 | CP9: 0.36 | CQ9: =+BM9 -> 0.33519553 | CR9: =+BN9 -> 0.3107536 | CS9: =+BO9 -> 0.28807556 | CT9: =+BP9 -> 0.28344671 | CU9: =+BQ9 -> 0.26470588 | CV9: 0.25 | CW9: 0.24 | CX9: 0.23 | CY9: 0.22 | CZ9: =SUMPRODUCT(CB9:CY9,B9:Y9)/SUM(B9:Y9) -> 0.44396407 | DA9: =BX9 -> 0.44149488 | DB9: =SUMPRODUCT(CB9:CY9,B33:Y33)/SUM(B33:Y33) -> 0.4215967 | DC9: =BX33 -> 0.43930636 | DE9: ExperienceFwd | DF9: =CB9*$EF9 -> 0.87931264 | DG9: =CC9*$EF9 -> 0.86150927 | DH9: =CD9*$EF9 -> 0.82539318 | DI9: =CE9*$EF9 -> 0.78832136 | DJ9: =CF9*$EF9 -> 0.75162288 | DK9: =CG9*$EF9 -> 0.72297351 | DL9: =CH9*$EF9 -> 0.67202963 | DM9: =CI9*$EF9 -> 0.61744636 | ... EC9: =CY9*$EF9 -> 0.23987649 | ED9: =SUMPRODUCT(DF9:EC9,Z33:AW33)/SUM(Z33:AW33) -> 0.5074293 | EE9: =DC9 -> 0.43930636 | EF9: 1.0903477 | EG9: =CY9*$DC9/$DB9 -> 0.22924136
A10: InexpDef | B10: 44 | C10: 61 | D10: 120 | E10: 188 | F10: 421 | G10: 991 | H10: 1623 | I10: 1883 | J10: 2213 | K10: 2532 | L10: 2704 | M10: 2801 | N10: 2670 | O10: 2436 | P10: 2007 | Q10: 1554 | R10: 1204 | S10: 776 | T10: 421 | U10: 224 | V10: 96 | W10: 49 | X10: 14 | Y10: 11 | Z10: 13 | AA10: 15 | AB10: 30 | AC10: 40 | AD10: 79 | AE10: 169 | AF10: 249 | AG10: 271 | AH10: 316 | AI10: 361 | AJ10: 327 | AK10: 311 | AL10: 296 | AM10: 247 | AN10: 204 | AO10: 171 | AP10: 116 | AQ10: 78 | AR10: 42 | AS10: 19 | AT10: 7 | AU10: 6 | AV10: 0 | AW10: 1 | AX10: 0.29545455 | AY10: 0.24590164 | AZ10: 0.25 | BA10: 0.21276596 | BB10: 0.18764846 | BC10: 0.17053481 | BD10: 0.15341959 | BE10: 0.14391928 | BF10: 0.14279259 | BG10: 0.14257504 | BH10: 0.12093195 | BI10: 0.11103177 | BJ10: 0.11086142 | BK10: 0.10139573 | BL10: 0.10164425 | BM10: 0.11003861 | BN10: 0.096345515 | BO10: 0.10051546 | BP10: 0.09976247 | BQ10: 0.084821429 | BR10: 0.072916667 | BS10: 0.12244898 | BT10: 0 | BU10: 0.090909091 | BV10: 27043 | BW10: 3368 | BX10: 0.1245424 | CA10: InexpDef | CB10: 0.27 | CC10: 0.25 | CD10: 0.23 | CE10: =+BA10 -> 0.21276596 | CF10: =+BB10 -> 0.18764846 | CG10: =+BC10 -> 0.17053481 | CH10: =+BD10 -> 0.15341959 | CI10: =+BE10 -> 0.14391928 | CJ10: =+BF10 -> 0.14279259 | CK10: =+BG10 -> 0.14257504 | CL10: =+BH10 -> 0.12093195 | CM10: =CL10-0.004 -> 0.11693195 | CN10: =CM10-0.004 -> 0.11293195 | CO10: =CN10-0.004 -> 0.10893195 | CP10: =CO10-0.004 -> 0.10493195 | CQ10: =CP10-0.004 -> 0.10093195 | CR10: =CQ10-0.004 -> 0.096931953 | CS10: =CR10-0.004 -> 0.092931953 | CT10: =CS10-0.004 -> 0.088931953 | ... CY10: =CX10-0.004 -> 0.068931953 | CZ10: =SUMPRODUCT(CB10:CY10,B10:Y10)/SUM(B10:Y10) -> 0.12525217 | DA10: =BX10 -> 0.1245424 | DB10: =SUMPRODUCT(CB10:CY10,B34:Y34)/SUM(B34:Y34) -> 0.11536518 | DC10: =BX34 -> 0.15706052 | DE10: InexpDef | DF10: =CB10*$EF10 -> 0.37164146 | DG10: =CC10*$EF10 -> 0.34411247 | DH10: =CD10*$EF10 -> 0.31658347 | DI10: =CE10*$EF10 -> 0.29286167 | DJ10: =CF10*$EF10 -> 0.25828869 | DK10: =CG10*$EF10 -> 0.23473262 | DL10: =CH10*$EF10 -> 0.21117438 | DM10: =CI10*$EF10 -> 0.19809767 | ... EC10: =CY10*$EF10 -> 0.094881377 | ED10: =SUMPRODUCT(DF10:EC10,Z34:AW34)/SUM(Z34:AW34) -> 0.16874221 | EE10: =DC10 -> 0.15706052 | EF10: 1.3764499
A11: QuickPass | B11: 111 | C11: 168 | D11: 238 | E11: 449 | F11: 949 | G11: 1938 | H11: 3180 | I11: 3811 | J11: 4446 | K11: 5057 | L11: 5587 | M11: 5722 | N11: 5632 | O11: 5225 | P11: 4666 | Q11: 3909 | R11: 2799 | S11: 1982 | T11: 1132 | U11: 605 | V11: 293 | W11: 147 | X11: 69 | Y11: 51 | Z11: 74 | AA11: 116 | AB11: 166 | AC11: 270 | AD11: 588 | AE11: 1093 | AF11: 1786 | AG11: 1909 | AH11: 2163 | AI11: 2301 | AJ11: 2491 | AK11: 2390 | AL11: 2256 | AM11: 2009 | AN11: 1810 | AO11: 1479 | AP11: 1007 | AQ11: 691 | AR11: 440 | AS11: 191 | AT11: 119 | AU11: 50 | AV11: 14 | AW11: 19 | AX11: 0.66666667 | AY11: 0.69047619 | AZ11: 0.69747899 | BA11: 0.6013363 | BB11: 0.61959958 | BC11: 0.56398349 | BD11: 0.56163522 | BE11: 0.50091839 | BF11: 0.48650472 | BG11: 0.45501285 | BH11: 0.44585645 | BI11: 0.41768612 | BJ11: 0.40056818 | BK11: 0.38449761 | BL11: 0.38791256 | BM11: 0.37835764 | BN11: 0.35977135 | BO11: 0.34863774 | BP11: 0.38869258 | BQ11: 0.31570248 | BR11: 0.40614334 | BS11: 0.34013605 | BT11: 0.20289855 | BU11: 0.37254902 | BV11: 58166 | BW11: 25432 | BX11: 0.43723137 | BZ11: qp | CA11: QuickPass | CB11: 0.7 | CC11: 0.68 | CD11: 0.66 | CE11: 0.64 | CF11: =+BB11 -> 0.61959958 | CG11: 0.58 | CH11: 0.54 | CI11: =+BE11 -> 0.50091839 | CJ11: =+BF11 -> 0.48650472 | CK11: =+BG11 -> 0.45501285 | CL11: =+BH11 -> 0.44585645 | CM11: =+BI11 -> 0.41768612 | CN11: =+BJ11 -> 0.40056818 | CO11: =+BK11 -> 0.38449761 | CP11: =+CO11-0.005 -> 0.37949761 | CQ11: =+CP11-0.005 -> 0.37449761 | CR11: =+CQ11-0.005 -> 0.36949761 | CS11: =+CR11-0.005 -> 0.36449761 | CT11: =+CS11-0.005 -> 0.35949761 | CU11: =+CT11-0.005 -> 0.35449761 | CV11: =+CU11-0.005 -> 0.34949761 | CW11: =+CV11-0.005 -> 0.34449761 | ... CY11: =+CX11-0.005 -> 0.33449761 | CZ11: =SUMPRODUCT(CB11:CY11,B11:Y11)/SUM(B11:Y11) -> 0.43652436 | DA11: =BX11 -> 0.43723137 | DB11: =SUMPRODUCT(CB11:CY11,B35:Y35)/SUM(B35:Y35) -> 0.41765251 | DC11: =BX35 -> 0.36041009 | DE11: QuickPass | DF11: =CB11*$EF11 -> 0.5899408 | DG11: =CC11*$EF11 -> 0.57308535 | DH11: =CD11*$EF11 -> 0.5562299 | DI11: =CE11*$EF11 -> 0.53937445 | DJ11: =CF11*$EF11 -> 0.52218153 | DK11: =CG11*$EF11 -> 0.4888081 | DL11: =CH11*$EF11 -> 0.45509719 | DM11: =CI11*$EF11 -> 0.42216029 | ... EC11: =CY11*$EF11 -> 0.28190541 | ED11: =SUMPRODUCT(DF11:EC11,Z35:AW35)/SUM(Z35:AW35) -> 0.3572429 | EE11: =DC11 -> 0.36041009 | EF11: 0.84277258
A12: QuickRush | B12: 120 | C12: 171 | D12: 261 | E12: 456 | F12: 934 | G12: 2121 | H12: 3359 | I12: 4060 | J12: 4696 | K12: 5674 | L12: 5939 | M12: 6176 | N12: 6128 | O12: 5620 | P12: 4927 | Q12: 4128 | R12: 3106 | S12: 2098 | T12: 1272 | U12: 660 | V12: 338 | W12: 166 | X12: 74 | Y12: 57 | Z12: 71 | AA12: 103 | AB12: 155 | AC12: 246 | AD12: 523 | AE12: 1100 | AF12: 1708 | AG12: 1850 | AH12: 2064 | AI12: 2377 | AJ12: 2341 | AK12: 2283 | AL12: 2247 | AM12: 1940 | AN12: 1689 | AO12: 1351 | AP12: 932 | AQ12: 627 | AR12: 370 | AS12: 179 | AT12: 91 | AU12: 43 | AV12: 22 | AW12: 18 | AX12: 0.59166667 | AY12: 0.60233918 | AZ12: 0.59386973 | BA12: 0.53947368 | BB12: 0.55995717 | BC12: 0.51862329 | BD12: 0.50848467 | BE12: 0.45566502 | BF12: 0.439523 | BG12: 0.41892845 | BH12: 0.3941741 | BI12: 0.36965674 | BJ12: 0.36667755 | BK12: 0.34519573 | BL12: 0.34280495 | BM12: 0.32727713 | BN12: 0.30006439 | BO12: 0.29885605 | BP12: 0.2908805 | BQ12: 0.27121212 | BR12: 0.26923077 | BS12: 0.25903614 | BT12: 0.2972973 | BU12: 0.31578947 | BV12: 62541 | BW12: 24330 | BX12: 0.3890248 | BZ12: qr | CA12: QuickRush | CB12: 0.6 | CC12: 0.59 | CD12: 0.58 | CE12: 0.57 | CF12: 0.55 | CG12: 0.53 | CH12: =+BD12 -> 0.50848467 | CI12: =+BE12 -> 0.45566502 | CJ12: =+BF12 -> 0.439523 | CK12: =+BG12 -> 0.41892845 | CL12: =+BH12 -> 0.3941741 | CM12: =+BI12 -> 0.36965674 | CN12: =+BJ12 -> 0.36667755 | CO12: =+BK12 -> 0.34519573 | ... CT12: =+BP12 -> 0.2908805 | CU12: 0.28 | CV12: =+BR12 -> 0.26923077 | CW12: =+BS12 -> 0.25903614 | CX12: 0.24 | CY12: 0.23 | CZ12: =SUMPRODUCT(CB12:CY12,B12:Y12)/SUM(B12:Y12) -> 0.38935562 | DA12: =BX12 -> 0.3890248 | DB12: =SUMPRODUCT(CB12:CY12,B36:Y36)/SUM(B36:Y36) -> 0.36873786 | DC12: =BX36 -> 0.57046477 | DE12: QuickRush | DF12: =CB12*$EF12 -> 0.93856657 | DG12: =CC12*$EF12 -> 0.9229238 | DH12: =CD12*$EF12 -> 0.90728102 | DI12: =CE12*$EF12 -> 0.89163824 | DJ12: =CF12*$EF12 -> 0.86035269 | DK12: =CG12*$EF12 -> 0.82906714 | DL12: =CH12*$EF12 -> 0.79541119 | DM12: =CI12*$EF12 -> 0.7127866 | ... EC12: =CY12*$EF12 -> 0.35978385 | ED12: =SUMPRODUCT(DF12:EC12,Z36:AW36)/SUM(Z36:AW36) -> 0.58708683 | EE12: =DC12 -> 0.57046477 | EF12: 1.5642776
A13: QuickStop | B13: 16 | C13: 26 | D13: 49 | E13: 95 | F13: 153 | G13: 348 | H13: 539 | I13: 626 | J13: 698 | K13: 847 | L13: 917 | M13: 1017 | N13: 1094 | O13: 1056 | P13: 1001 | Q13: 900 | R13: 770 | S13: 555 | T13: 382 | U13: 228 | V13: 116 | W13: 70 | X13: 26 | Y13: 19 | Z13: 0 | AA13: 0 | AB13: 0 | AC13: 0 | AD13: 0 | AE13: 0 | AF13: 0 | AG13: 0 | AH13: 0 | AI13: 0 | AJ13: 0 | AK13: 0 | AL13: 0 | AM13: 0 | AN13: 0 | AO13: 0 | AP13: 0 | AQ13: 0 | AR13: 0 | AS13: 0 | AT13: 0 | AU13: 0 | AV13: 0 | AW13: 0 | AX13: 0 | AY13: 0 | AZ13: 0 | BA13: 0 | BB13: 0 | BC13: 0 | BD13: 0 | BE13: 0 | BF13: 0 | BG13: 0 | BH13: 0 | BI13: 0 | BJ13: 0 | BK13: 0 | BL13: 0 | BM13: 0 | BN13: 0 | BO13: 0 | BP13: 0 | BQ13: 0 | BR13: 0 | BS13: 0 | BT13: 0 | BU13: 0 | BV13: 11548 | BW13: 0 | BX13: 0 | CA13: QuickStop | DB13: =SUMPRODUCT(CB13:CY13,B37:Y37)/SUM(B37:Y37) -> 0 | DC13: =BX37 -> 0 | DE13: QuickStop | ED13: =SUMPRODUCT(DF13:EC13,Z37:AW37)/SUM(Z37:AW37) -> #DIV/0! | EE13: =DC13 -> 0 | EF13: #DIV/0!
A14: TechHead | B14: 78 | C14: 108 | D14: 182 | E14: 268 | F14: 563 | G14: 1110 | H14: 1850 | I14: 2143 | J14: 2456 | K14: 2941 | L14: 3222 | M14: 3581 | N14: 3649 | O14: 3548 | P14: 3254 | Q14: 2878 | R14: 2251 | S14: 1672 | T14: 995 | U14: 543 | V14: 274 | W14: 146 | X14: 79 | Y14: 41 | Z14: 40 | AA14: 39 | AB14: 67 | AC14: 106 | AD14: 198 | AE14: 448 | AF14: 684 | AG14: 737 | AH14: 817 | AI14: 905 | AJ14: 957 | AK14: 1013 | AL14: 1003 | AM14: 988 | AN14: 880 | AO14: 743 | AP14: 565 | AQ14: 400 | AR14: 238 | AS14: 97 | AT14: 62 | AU14: 33 | AV14: 15 | AW14: 7 | AX14: 0.51282051 | AY14: 0.36111111 | AZ14: 0.36813187 | BA14: 0.39552239 | BB14: 0.35168739 | BC14: 0.4036036 | BD14: 0.36972973 | BE14: 0.34391041 | BF14: 0.33265472 | BG14: 0.30771846 | BH14: 0.29702048 | BI14: 0.28288188 | BJ14: 0.27486983 | BK14: 0.27846674 | BL14: 0.27043639 | BM14: 0.25816539 | BN14: 0.25099956 | BO14: 0.23923445 | BP14: 0.23919598 | BQ14: 0.1786372 | BR14: 0.22627737 | BS14: 0.2260274 | BT14: 0.18987342 | BU14: 0.17073171 | BV14: 37832 | BW14: 11042 | BX14: 0.29186932 | BZ14: th | CA14: TechHead | CB14: 0.41 | CC14: 0.4 | CD14: 0.39 | CE14: 0.38 | CF14: 0.37 | CG14: 0.36 | CH14: 0.35 | CI14: =+BE14 -> 0.34391041 | CJ14: =+BF14 -> 0.33265472 | CK14: =+BG14 -> 0.30771846 | CL14: =+BH14 -> 0.29702048 | CM14: =+BI14 -> 0.28288188 | CN14: =+BJ14 -> 0.27486983 | CO14: =CN14-0.5% -> 0.26986983 | CP14: =CO14-0.5% -> 0.26486983 | CQ14: =CP14-0.5% -> 0.25986983 | CR14: =CQ14-0.5% -> 0.25486983 | CS14: =CR14-0.5% -> 0.24986983 | CT14: =CS14-0.5% -> 0.24486983 | CU14: =CT14-0.5% -> 0.23986983 | CV14: =CU14-0.5% -> 0.23486983 | ... CY14: =CX14-0.5% -> 0.21986983 | CZ14: =SUMPRODUCT(CB14:CY14,B14:Y14)/SUM(B14:Y14) -> 0.2905684 | DA14: =BX14 -> 0.29186932 | DB14: =SUMPRODUCT(CB14:CY14,B38:Y38)/SUM(B38:Y38) -> 0.28188283 | DC14: =BX38 -> 0.39184397 | DE14: TechHead | DF14: =CB14*$EF14 -> 0.56681429 | DG14: =CC14*$EF14 -> 0.55298955 | DH14: =CD14*$EF14 -> 0.53916481 | DI14: =CE14*$EF14 -> 0.52534008 | DJ14: =CF14*$EF14 -> 0.51151534 | DK14: =CG14*$EF14 -> 0.4976906 | DL14: =CH14*$EF14 -> 0.48386586 | DM14: =CI14*$EF14 -> 0.47544715 | ... EC14: =CY14*$EF14 -> 0.30396429 | ED14: =SUMPRODUCT(DF14:EC14,Z38:AW38)/SUM(Z38:AW38) -> 0.39810322 | EE14: =DC14 -> 0.39184397 | EF14: 1.3824739
A15: TiredDef | B15: 2 | C15: 8 | D15: 7 | E15: 12 | F15: 27 | G15: 46 | H15: 58 | I15: 62 | J15: 90 | K15: 91 | L15: 88 | M15: 74 | N15: 63 | O15: 72 | P15: 73 | Q15: 41 | R15: 28 | S15: 16 | T15: 5 | U15: 4 | V15: 5 | Z15: 1 | AA15: 1 | AB15: 3 | AC15: 4 | AD15: 11 | AE15: 23 | AF15: 25 | AG15: 31 | AH15: 44 | AI15: 42 | AJ15: 33 | AK15: 39 | AL15: 29 | AM15: 22 | AN15: 33 | AO15: 16 | AP15: 11 | AQ15: 7 | AR15: 3 | AS15: 0 | AT15: 2 | AX15: 0.5 | AY15: 0.125 | AZ15: 0.42857143 | BA15: 0.33333333 | BB15: 0.40740741 | BC15: 0.5 | BD15: 0.43103448 | BE15: 0.5 | BF15: 0.48888889 | BG15: 0.46153846 | BH15: 0.375 | BI15: 0.52702703 | BJ15: 0.46031746 | BK15: 0.30555556 | BL15: 0.45205479 | BM15: 0.3902439 | BN15: 0.39285714 | BO15: 0.4375 | BP15: 0.6 | BQ15: 0 | BR15: 0.4 | BS15: #DIV/0! | BT15: #DIV/0! | BU15: #DIV/0! | BV15: 872 | BW15: 380 | BX15: 0.43577982 | CA15: TiredDef | CB15: =$BX15*CB$32 -> 0.70065967 | CC15: =$BX15*CC$32 -> 0.67792812 | CD15: =$BX15*CD$32 -> 0.65600794 | CE15: =$BX15*CE$32 -> 0.62848213 | CF15: =$BX15*CF$32 -> 0.59670521 | CG15: =$BX15*CG$32 -> 0.57054649 | CH15: =$BX15*CH$32 -> 0.5431828 | CI15: =$BX15*CI$32 -> 0.51230229 | ... CY15: =$BX15*CY$32 -> 0.27150309 | DB15: =SUMPRODUCT(CB15:CY15,B39:Y39)/SUM(B39:Y39) -> 0.44348557 | DC15: =BX39 -> 0.30769231 | DE15: TiredDef | DF15: =$DC15*DF$32 -> 0.49516115 | DG15: =$DC15*DG$32 -> 0.48041484 | DH15: =$DC15*DH$32 -> 0.46566683 | DI15: =$DC15*DI$32 -> 0.4505771 | DJ15: =$DC15*DJ$32 -> 0.42862386 | DK15: =$DC15*DK$32 -> 0.41276547 | DL15: =$DC15*DL$32 -> 0.39591083 | DM15: =$DC15*DM$32 -> 0.37206747 | ... EC15: =$DC15*EC$32 -> 0.20395042 | ED15: =SUMPRODUCT(DF15:EC15,Z39:AW39)/SUM(Z39:AW39) -> 0.32158713 | EE15: =DC15 -> 0.30769231 | EF15: 0.65511167
A16: UnpredLongPass | B16: 37 | C16: 46 | D16: 111 | E16: 204 | F16: 422 | G16: 880 | H16: 1442 | I16: 1666 | J16: 1884 | K16: 2250 | L16: 2418 | M16: 2368 | N16: 2319 | O16: 2110 | P16: 1872 | Q16: 1567 | R16: 1061 | S16: 714 | T16: 447 | U16: 211 | V16: 120 | W16: 65 | X16: 21 | Y16: 20 | Z16: 26 | AA16: 29 | AB16: 55 | AC16: 109 | AD16: 234 | AE16: 465 | AF16: 767 | AG16: 849 | AH16: 921 | AI16: 1057 | AJ16: 1104 | AK16: 1059 | AL16: 1019 | AM16: 946 | AN16: 747 | AO16: 582 | AP16: 390 | AQ16: 240 | AR16: 137 | AS16: 64 | AT16: 35 | AU16: 20 | AV16: 8 | AW16: 8 | AX16: 0.7027027 | AY16: 0.63043478 | AZ16: 0.4954955 | BA16: 0.53431373 | BB16: 0.55450237 | BC16: 0.52840909 | BD16: 0.53190014 | BE16: 0.50960384 | BF16: 0.4888535 | BG16: 0.46977778 | BH16: 0.45657568 | BI16: 0.44721284 | BJ16: 0.43941354 | BK16: 0.44834123 | BL16: 0.39903846 | BM16: 0.37141034 | BN16: 0.36757776 | BO16: 0.33613445 | BP16: 0.3064877 | BQ16: 0.30331754 | BR16: 0.29166667 | BS16: 0.30769231 | BT16: 0.38095238 | BU16: 0.4 | BV16: 24255 | BW16: 10871 | BX16: 0.44819625 | BZ16: ulp | CA16: UnpredLongPass | CB16: =+AX16 -> 0.7027027 | CC16: =+AY16 -> 0.63043478 | CD16: 0.61 | CE16: 0.59 | CF16: 0.57 | CG16: 0.55 | CH16: 0.53 | CI16: =+BE16 -> 0.50960384 | CJ16: =+BF16 -> 0.4888535 | CK16: =+BG16 -> 0.46977778 | CL16: =+BH16 -> 0.45657568 | CM16: =+BI16 -> 0.44721284 | CN16: =+BJ16 -> 0.43941354 | CO16: 0.42 | CP16: =+BL16 -> 0.39903846 | CQ16: 0.38 | CR16: =+BN16 -> 0.36757776 | CS16: =+BO16 -> 0.33613445 | CT16: =+BP16 -> 0.3064877 | CU16: =+BQ16 -> 0.30331754 | CV16: =+BR16 -> 0.29166667 | CW16: 0.28 | CX16: 0.27 | CY16: 0.26 | CZ16: =SUMPRODUCT(CB16:CY16,B16:Y16)/SUM(B16:Y16) -> 0.44793239 | DA16: =BX16 -> 0.44819625 | DB16: =SUMPRODUCT(CB16:CY16,B40:Y40)/SUM(B40:Y40) -> 0.42351974 | DC16: =BX40 -> 0.42701228 | DE16: UnpredLongPass | DF16: =CB16*$EF16 -> 0.72113645 | DG16: =CC16*$EF16 -> 0.64697275 | DH16: =CD16*$EF16 -> 0.62600191 | DI16: =CE16*$EF16 -> 0.60547726 | DJ16: =CF16*$EF16 -> 0.5849526 | DK16: =CG16*$EF16 -> 0.56442795 | DL16: =CH16*$EF16 -> 0.5439033 | DM16: =CI16*$EF16 -> 0.5229721 | ... EC16: =CY16*$EF16 -> 0.26682049 | ED16: =SUMPRODUCT(DF16:EC16,Z40:AW40)/SUM(Z40:AW40) -> 0.45023411 | EE16: =DC16 -> 0.42701228 | EF16: 1.0262326
A17: UnpredMistake | B17: 26 | C17: 37 | D17: 65 | E17: 116 | F17: 206 | G17: 416 | H17: 744 | I17: 904 | J17: 1017 | K17: 1261 | L17: 1244 | M17: 1327 | N17: 1293 | O17: 1173 | P17: 1035 | Q17: 850 | R17: 648 | S17: 443 | T17: 289 | U17: 153 | V17: 80 | W17: 35 | X17: 25 | Y17: 13 | Z17: -4 | AA17: -11 | AB17: -13 | AC17: -26 | AD17: -53 | AE17: -86 | AF17: -171 | AG17: -199 | AH17: -229 | AI17: -327 | AJ17: -279 | AK17: -281 | AL17: -283 | AM17: -250 | AN17: -268 | AO17: -190 | AP17: -139 | AQ17: -88 | AR17: -59 | AS17: -22 | AT17: -20 | AU17: -3 | AV17: -7 | AW17: 0 | AX17: -0.15384615 | AY17: -0.2972973 | AZ17: -0.2 | BA17: -0.22413793 | BB17: -0.25728155 | BC17: -0.20673077 | BD17: -0.22983871 | BE17: -0.22013274 | BF17: -0.22517207 | BG17: -0.259318 | BH17: -0.22427653 | BI17: -0.21175584 | BJ17: -0.21887084 | BK17: -0.21312873 | BL17: -0.2589372 | BM17: -0.22352941 | BN17: -0.21450617 | BO17: -0.1986456 | BP17: -0.20415225 | BQ17: -0.14379085 | BR17: -0.25 | BS17: -0.085714286 | BT17: -0.28 | BU17: 0 | BV17: 13400 | BW17: -3008 | BX17: -0.22447761 | BZ17: um | CA17: UnpredMistake | CB17: =$BX17*-1*CB$32 -> 0.36092174 | CC17: =$BX17*-1*CC$32 -> 0.34921233 | CD17: =$BX17*-1*CD$32 -> 0.33792087 | CE17: =$BX17*-1*CE$32 -> 0.32374186 | CF17: =$BX17*-1*CF$32 -> 0.30737302 | CG17: =$BX17*-1*CG$32 -> 0.29389822 | CH17: =$BX17*-1*CH$32 -> 0.27980272 | CI17: =$BX17*-1*CI$32 -> 0.26389564 | ... CY17: =$BX17*-1*CY$32 -> 0.13985587 | DB17: =SUMPRODUCT(CB17:CY17,B41:Y41)/SUM(B41:Y41) -> 0.21124397 | DC17: =BX41*-1 -> 0.21311475 | DE17: UnpredMistake | DF17: =$DC17*DF$32 -> 0.34295998 | DG17: =$DC17*DG$32 -> 0.33274635 | DH17: =$DC17*DH$32 -> 0.32253153 | DI17: =$DC17*DI$32 -> 0.31208004 | DJ17: =$DC17*DJ$32 -> 0.29687472 | DK17: =$DC17*DK$32 -> 0.28589084 | DL17: =$DC17*DL$32 -> 0.27421693 | DM17: =$DC17*DM$32 -> 0.25770247 | ... EC17: =$DC17*EC$32 -> 0.14126074 | ED17: =SUMPRODUCT(DF17:EC17,Z41:AW41)/SUM(Z41:AW41) -> 0.21360893 | EE17: =DC17 -> 0.21311475 | EF17: 0.87379592
A18: UnpredOwnGoal | B18: 33 | C18: 47 | D18: 81 | E18: 142 | F18: 320 | G18: 620 | H18: 1083 | I18: 1273 | J18: 1482 | K18: 1648 | L18: 1817 | M18: 1901 | N18: 1821 | O18: 1648 | P18: 1430 | Q18: 1212 | R18: 787 | S18: 605 | T18: 360 | U18: 159 | V18: 78 | W18: 47 | X18: 22 | Y18: 14 | Z18: -7 | AA18: -14 | AB18: -25 | AC18: -35 | AD18: -102 | AE18: -179 | AF18: -297 | AG18: -342 | AH18: -405 | AI18: -434 | AJ18: -453 | AK18: -461 | AL18: -473 | AM18: -403 | AN18: -330 | AO18: -261 | AP18: -181 | AQ18: -127 | AR18: -69 | AS18: -37 | AT18: -16 | AU18: -5 | AV18: -8 | AW18: -3 | AX18: -0.21212121 | AY18: -0.29787234 | AZ18: -0.30864198 | BA18: -0.24647887 | BB18: -0.31875 | BC18: -0.28870968 | BD18: -0.27423823 | BE18: -0.26865672 | BF18: -0.27327935 | BG18: -0.26334951 | BH18: -0.24931205 | BI18: -0.24250395 | BJ18: -0.25974739 | BK18: -0.24453883 | BL18: -0.23076923 | BM18: -0.21534653 | BN18: -0.22998729 | BO18: -0.20991736 | BP18: -0.19166667 | BQ18: -0.2327044 | BR18: -0.20512821 | BS18: -0.10638298 | BT18: -0.36363636 | BU18: -0.21428571 | BV18: 18630 | BW18: -4667 | BX18: -0.25050993 | BZ18: uog | CA18: UnpredOwnGoal | CB18: =$BX18*-1*CB$32 -> 0.40277727 | CC18: =$BX18*-1*CC$32 -> 0.38970994 | CD18: =$BX18*-1*CD$32 -> 0.37710903 | CE18: =$BX18*-1*CE$32 -> 0.3612857 | CF18: =$BX18*-1*CF$32 -> 0.34301859 | CG18: =$BX18*-1*CG$32 -> 0.32798114 | CH18: =$BX18*-1*CH$32 -> 0.312251 | CI18: =$BX18*-1*CI$32 -> 0.29449921 | ... CY18: =$BX18*-1*CY$32 -> 0.15607474 | DB18: =SUMPRODUCT(CB18:CY18,B42:Y42)/SUM(B42:Y42) -> 0.23626943 | DC18: =BX42*-1 -> 0.2145749 | DE18: UnpredOwnGoal | DF18: =$DC18*DF$32 -> 0.34530975 | DG18: =$DC18*DG$32 -> 0.33502614 | DH18: =$DC18*DH$32 -> 0.32474134 | DI18: =$DC18*DI$32 -> 0.31421824 | DJ18: =$DC18*DJ$32 -> 0.29890874 | DK18: =$DC18*DK$32 -> 0.28784961 | DL18: =$DC18*DL$32 -> 0.27609571 | DM18: =$DC18*DM$32 -> 0.2594681 | ... EC18: =$DC18*EC$32 -> 0.14222858 | ED18: =SUMPRODUCT(DF18:EC18,Z42:AW42)/SUM(Z42:AW42) -> 0.20577105 | EE18: =DC18 -> 0.2145749 | EF18: 0.84498504
A19: UnpredScoreOwn | B19: 56 | C19: 65 | D19: 109 | E19: 209 | F19: 461 | G19: 976 | H19: 1575 | I19: 1811 | J19: 2054 | K19: 2447 | L19: 2639 | M19: 2780 | N19: 2583 | O19: 2458 | P19: 2020 | Q19: 1724 | R19: 1238 | S19: 816 | T19: 501 | U19: 259 | V19: 136 | W19: 51 | X19: 34 | Y19: 26 | Z19: 56 | AA19: 64 | AB19: 103 | AC19: 184 | AD19: 398 | AE19: 804 | AF19: 1237 | AG19: 1307 | AH19: 1440 | AI19: 1599 | AJ19: 1680 | AK19: 1716 | AL19: 1516 | AM19: 1393 | AN19: 1081 | AO19: 934 | AP19: 645 | AQ19: 410 | AR19: 256 | AS19: 119 | AT19: 49 | AU19: 21 | AV19: 13 | AW19: 11 | AX19: 1 | AY19: 0.98461538 | AZ19: 0.94495413 | BA19: 0.88038278 | BB19: 0.86334056 | BC19: 0.82377049 | BD19: 0.78539683 | BE19: 0.72170072 | BF19: 0.70107108 | BG19: 0.65345321 | BH19: 0.63660477 | BI19: 0.61726619 | BJ19: 0.58691444 | BK19: 0.56672091 | BL19: 0.53514851 | BM19: 0.54176334 | BN19: 0.52100162 | BO19: 0.50245098 | BP19: 0.51097804 | BQ19: 0.45945946 | BR19: 0.36029412 | BS19: 0.41176471 | BT19: 0.38235294 | BU19: 0.42307692 | BV19: 27028 | BW19: 17036 | BX19: 0.63030931 | BZ19: uso | CA19: UnpredScoreOwn | CB19: 0.98 | CC19: 0.96 | CD19: =+AZ19 -> 0.94495413 | CE19: =+BA19 -> 0.88038278 | CF19: =+BB19 -> 0.86334056 | CG19: =+BC19 -> 0.82377049 | CH19: =+BD19 -> 0.78539683 | CI19: =+BE19 -> 0.72170072 | CJ19: =+BF19 -> 0.70107108 | CK19: =+BG19 -> 0.65345321 | ... CO19: =+BK19 -> 0.56672091 | CP19: 0.552 | CQ19: 0.537 | CR19: =+BN19 -> 0.52100162 | CS19: =+BO19 -> 0.50245098 | CT19: 0.48 | CU19: =+BQ19 -> 0.45945946 | CV19: 0.44 | CW19: 0.42 | CX19: 0.4 | CY19: 0.38 | CZ19: =SUMPRODUCT(CB19:CY19,B19:Y19)/SUM(B19:Y19) -> 0.63098742 | DA19: =BX19 -> 0.63030931 | DB19: =SUMPRODUCT(CB19:CY19,B43:Y43)/SUM(B43:Y43) -> 0.59923344 | DC19: =BX43 -> 0.73502304 | DE19: UnpredScoreOwn | DF19: =MIN(0.98,CB19*$EF19) -> 0.98 | DG19: =MIN(0.98,CC19*$EF19) -> 0.98 | DH19: =MIN(0.98,CD19*$EF19) -> 0.98 | DI19: =MIN(0.98,CE19*$EF19) -> 0.98 | DJ19: =MIN(0.98,CF19*$EF19) -> 0.98 | DK19: =MIN(0.98,CG19*$EF19) -> 0.98 | DL19: =MIN(0.98,CH19*$EF19) -> 0.98 | DM19: =MIN(0.98,CI19*$EF19) -> 0.90077532 | ... EC19: =MIN(0.98,CY19*$EF19) -> 0.47428887 | ED19: =SUMPRODUCT(DF19:EC19,Z43:AW43)/SUM(Z43:AW43) -> 0.75641295 | EE19: =DC19 -> 0.73502304 | EF19: 1.2481286
A20: UnpredSpecial | B20: 43 | C20: 66 | D20: 106 | E20: 212 | F20: 458 | G20: 876 | H20: 1517 | I20: 1741 | J20: 1974 | K20: 2399 | L20: 2463 | M20: 2619 | N20: 2555 | O20: 2230 | P20: 1952 | Q20: 1563 | R20: 1166 | S20: 795 | T20: 513 | U20: 238 | V20: 121 | W20: 59 | X20: 28 | Y20: 15 | Z20: 26 | AA20: 43 | AB20: 61 | AC20: 117 | AD20: 226 | AE20: 434 | AF20: 763 | AG20: 805 | AH20: 890 | AI20: 1023 | AJ20: 999 | AK20: 996 | AL20: 952 | AM20: 856 | AN20: 739 | AO20: 566 | AP20: 425 | AQ20: 320 | AR20: 191 | AS20: 85 | AT20: 38 | AU20: 20 | AV20: 6 | AW20: 3 | AX20: 0.60465116 | AY20: 0.65151515 | AZ20: 0.5754717 | BA20: 0.55188679 | BB20: 0.49344978 | BC20: 0.49543379 | BD20: 0.50296638 | BE20: 0.46237794 | BF20: 0.4508612 | BG20: 0.42642768 | BH20: 0.40560292 | BI20: 0.38029782 | BJ20: 0.37260274 | BK20: 0.3838565 | BL20: 0.37858607 | BM20: 0.36212412 | BN20: 0.364494 | BO20: 0.40251572 | BP20: 0.37231969 | BQ20: 0.35714286 | BR20: 0.31404959 | BS20: 0.33898305 | BT20: 0.21428571 | BU20: 0.2 | BV20: 25709 | BW20: 10584 | BX20: 0.41168462 | BZ20: us | CA20: UnpredSpecial | CB20: 0.62 | CC20: 0.6 | CD20: =+AZ20 -> 0.5754717 | CE20: =+BA20 -> 0.55188679 | CF20: =+BB20 -> 0.49344978 | CG20: 0.48 | CH20: 0.47 | CI20: =+BE20 -> 0.46237794 | CJ20: =+BF20 -> 0.4508612 | CK20: =+BG20 -> 0.42642768 | CL20: =+BH20 -> 0.40560292 | CM20: =CL20-0.5% -> 0.40060292 | CN20: =CM20-0.5% -> 0.39560292 | CO20: =CN20-0.5% -> 0.39060292 | CP20: =CO20-0.5% -> 0.38560292 | CQ20: =CP20-0.5% -> 0.38060292 | CR20: =CQ20-0.5% -> 0.37560292 | CS20: =CR20-0.5% -> 0.37060292 | CT20: =CS20-0.5% -> 0.36560292 | CU20: =+BQ20 -> 0.35714286 | CV20: 0.34 | CW20: 0.33 | CX20: 0.32 | CY20: 0.31 | CZ20: =SUMPRODUCT(CB20:CY20,B20:Y20)/SUM(B20:Y20) -> 0.41536641 | DA20: =BX20 -> 0.41168462 | DB20: =SUMPRODUCT(CB20:CY20,B44:Y44)/SUM(B44:Y44) -> 0.40543892 | DC20: =BX44 -> 0.40875912 | DE20: UnpredSpecial | DF20: =CB20*$EF20 -> 0.63157557 | DG20: =CC20*$EF20 -> 0.61120217 | DH20: =CD20*$EF20 -> 0.58621592 | DI20: =CE20*$EF20 -> 0.56219067 | DJ20: =CF20*$EF20 -> 0.50266263 | DK20: =CG20*$EF20 -> 0.48896173 | DL20: =CH20*$EF20 -> 0.47877503 | DM20: =CI20*$EF20 -> 0.47101067 | ... EC20: =CY20*$EF20 -> 0.31578779 | ED20: =SUMPRODUCT(DF20:EC20,Z44:AW44)/SUM(Z44:AW44) -> 0.41247074 | EE20: =DC20 -> 0.40875912 | EF20: 1.0186703 | EJ20: non-ls | EK20: ls | EL20: non-LS N | EM20: ls N
A21: WingAnyone | B21: 172 | C21: 262 | D21: 440 | E21: 864 | F21: 1705 | G21: 3656 | H21: 6021 | I21: 7252 | J21: 8477 | K21: 9835 | L21: 10772 | M21: 11313 | N21: 10953 | O21: 10116 | P21: 8929 | Q21: 7201 | R21: 5335 | S21: 3645 | T21: 2149 | U21: 1060 | V21: 564 | W21: 295 | X21: 145 | Y21: 83 | Z21: 127 | AA21: 189 | AB21: 302 | AC21: 558 | AD21: 994 | AE21: 2001 | AF21: 3112 | AG21: 3561 | AH21: 3692 | AI21: 3931 | AJ21: 4068 | AK21: 3908 | AL21: 3681 | AM21: 3130 | AN21: 2684 | AO21: 2077 | AP21: 1472 | AQ21: 947 | AR21: 572 | AS21: 247 | AT21: 137 | AU21: 60 | AV21: 28 | AW21: 13 | AX21: 0.73837209 | AY21: 0.72137405 | AZ21: 0.68636364 | BA21: 0.64583333 | BB21: 0.5829912 | BC21: 0.54731947 | BD21: 0.51685766 | BE21: 0.49103696 | BF21: 0.43553144 | BG21: 0.39969497 | BH21: 0.37764575 | BI21: 0.3454433 | BJ21: 0.33607231 | BK21: 0.30941083 | BL21: 0.30059357 | BM21: 0.28843216 | BN21: 0.27591378 | BO21: 0.25980796 | BP21: 0.26617031 | BQ21: 0.23301887 | BR21: 0.2429078 | BS21: 0.20338983 | BT21: 0.19310345 | BU21: 0.15662651 | BV21: 111244 | BW21: 41491 | BX21: 0.37297292 | BZ21: wa | CA21: WingAnyone | CB21: =CB28 -> 0.7652484 | CC21: =CC28 -> 0.75070741 | CD21: =CD28 -> 0.72152608 | CE21: =CE28 -> 0.68786434 | CF21: =CF28 -> 0.63549691 | CG21: =CG28 -> 0.60278949 | CH21: =CH28 -> 0.57340649 | CI21: =CI28 -> 0.54917266 | ... CY21: =CY28 -> 0.21667651 | CZ21: =SUMPRODUCT(CB21:CY21,B21:Y21)/SUM(B21:Y21) -> 0.4391791 | DB21: =SUMPRODUCT(CB21:CY21,B45:Y45)/SUM(B45:Y45) -> 0.4108044 | DC21: =+DB21-0.08 -> 0.3308044 | DE21: WingAnyone | DF21: =CB21*$EF21 -> 0.7916881 | DG21: =CC21*$EF21 -> 0.77664471 | DH21: =CD21*$EF21 -> 0.74645516 | DI21: =CE21*$EF21 -> 0.71163038 | DJ21: =CF21*$EF21 -> 0.65745363 | DK21: =CG21*$EF21 -> 0.62361616 | DL21: =CH21*$EF21 -> 0.59321796 | DM21: =CI21*$EF21 -> 0.56814683 | ... EC21: =CY21*$EF21 -> 0.22416278 | ED21: =SUMPRODUCT(DF21:EC21,Z45:AW45)/SUM(Z45:AW45) -> 0.43832753 | EE21: 0.425 | EF21: 1.0345505 | EG21: =+EE21/ED21*EF21 -> 1.0030946 | EH21: =EF21/EG21 -> 1.0313589 | EJ21: =CZ21 -> 0.4391791 | EK21: =ED21 -> 0.43832753 | EL21: =SUM(B21:Y21) -> 111244 | EM21: =SUM(Z21:AW21) -> 41491 | EN21: =(EL21+EL22-EN22) -> 94448.788 | EO21: =(EM21+EM22-EO22) -> 10209.596
A22: WingHead | B22: 56 | C22: 80 | D22: 129 | E22: 249 | F22: 487 | G22: 968 | H22: 1463 | I22: 1685 | J22: 1998 | K22: 2190 | L22: 2217 | M22: 2398 | N22: 2283 | O22: 2034 | P22: 1765 | Q22: 1484 | R22: 1132 | S22: 753 | T22: 438 | U22: 223 | V22: 125 | W22: 61 | X22: 26 | Y22: 14 | Z22: 56 | AA22: 80 | AB22: 129 | AC22: 249 | AD22: 487 | AE22: 968 | AF22: 1463 | AG22: 1685 | AH22: 1998 | AI22: 2190 | AJ22: 2217 | AK22: 2398 | AL22: 2283 | AM22: 2034 | AN22: 1765 | AO22: 1484 | AP22: 1132 | AQ22: 753 | AR22: 438 | AS22: 223 | AT22: 125 | AU22: 61 | AV22: 26 | AW22: 14 | AX22: 1 | AY22: 1 | AZ22: 1 | BA22: 1 | BB22: 1 | BC22: 1 | BD22: 1 | BE22: 1 | BF22: 1 | BG22: 1 | BH22: 1 | BI22: 1 | BJ22: 1 | BK22: 1 | BL22: 1 | BM22: 1 | BN22: 1 | BO22: 1 | BP22: 1 | BQ22: 1 | BR22: 1 | BS22: 1 | BT22: 1 | BU22: 1 | BV22: 24258 | BW22: 24258 | BX22: 1 | BZ22: wh | CA22: WingHead | CB22: =CB26 -> 0.90263158 | CC22: =CC26 -> 0.88654971 | CD22: =CD26 -> 0.85746924 | CE22: =CE26 -> 0.82506739 | CF22: =CF26 -> 0.77563869 | CG22: =CG26 -> 0.74208478 | CH22: =CH26 -> 0.71130412 | CI22: =CI26 -> 0.68699787 | ... CY22: =CY26 -> 0.37835052 | CZ22: =SUMPRODUCT(CB22:CY22,B22:Y22)/SUM(B22:Y22) -> 0.59089165 | DB22: =SUMPRODUCT(CB22:CY22,B46:Y46)/SUM(B46:Y46) -> 0.56794941 | DC22: =+DB22-0.08 -> 0.48794941 | DE22: WingHead | DF22: =DF21 -> 0.7916881 | DG22: =DG21 -> 0.77664471 | DH22: =DH21 -> 0.74645516 | DI22: =DI21 -> 0.71163038 | DJ22: =DJ21 -> 0.65745363 | DK22: =DK21 -> 0.62361616 | DL22: =DL21 -> 0.59321796 | DM22: =DM21 -> 0.56814683 | ... EC22: =EC21 -> 0.22416278 | ED22: =SUMPRODUCT(DF22:EC22,Z46:AW46)/SUM(Z46:AW46) -> 0.43677098 | EE22: 0.425 | EF22: 0.748 | EG22: =+EE22/ED22*EF22 -> 0.72784139 | EH22: =EG22*EF22 -> 0.54442536 | EJ22: =CZ22 -> 0.59089165 | EK22: =ED22 -> 0.43677098 | EL22: =SUM(B22:Y22) -> 24258 | EM22: =SUM(Z22:AW22) -> 24258 | EN22: =EL22/EJ22 -> 41053.212 | EO22: =EM22/EK22 -> 55539.404
A23: Total | B23: 1157 | C23: 1669 | D23: 2768 | E23: 5031 | F23: 10500 | G23: 21836 | H23: 35860 | I23: 42664 | J23: 49559 | K23: 57196 | L23: 61380 | M23: 63941 | N23: 62419 | O23: 57301 | P23: 50205 | Q23: 41403 | R23: 30524 | S23: 21155 | T23: 12455 | U23: 6407 | V23: 3285 | W23: 1650 | X23: 792 | Y23: 514 | Z23: 768 | AA23: 1066 | AB23: 1694 | AC23: 3001 | AD23: 6032 | AE23: 12029 | AF23: 18872 | AG23: 21257 | AH23: 23413 | AI23: 25369 | AJ23: 26190 | AK23: 25894 | AL23: 24258 | AM23: 21574 | AN23: 18237 | AO23: 14555 | AP23: 10349 | AQ23: 6799 | AR23: 3937 | AS23: 1880 | AT23: 947 | AU23: 473 | AV23: 195 | AW23: 149 | AX23: 0.66378565 | AY23: 0.63870581 | AZ23: 0.61199422 | BA23: 0.59650169 | BB23: 0.57447619 | BC23: 0.55087928 | BD23: 0.52626882 | BE23: 0.49824208 | BF23: 0.4724268 | BG23: 0.443545 | BH23: 0.42668622 | BI23: 0.40496708 | BJ23: 0.38863167 | BK23: 0.37650303 | BL23: 0.36325067 | BM23: 0.35154457 | BN23: 0.33904469 | BO23: 0.32138974 | BP23: 0.31609795 | BQ23: 0.29342906 | BR23: 0.28828006 | BS23: 0.28666667 | BT23: 0.24621212 | BU23: 0.28988327 | BV23: 641671 | BW23: 268938 | BX23: 0.41912133 | BZ23: zz | CA23: other conv% | CB23: =SUM(CB9*B9+CB10*B10+CB15*B15)/(B9+B10+B15) -> 0.58593814 | CC23: =SUM(CC9*C9+CC10*C10+CC15*C15)/(C9+C10+C15) -> 0.5644895 | CD23: =SUM(CD9*D9+CD10*D10+CD15*D15)/(D9+D10+D15) -> 0.49914942 | CE23: =SUM(CE9*E9+CE10*E10+CE15*E15)/(E9+E10+E15) -> 0.47665935 | CF23: =SUM(CF9*F9+CF10*F10+CF15*F15)/(F9+F10+F15) -> 0.4489438 | CG23: =SUM(CG9*G9+CG10*G10+CG15*G15)/(G9+G10+G15) -> 0.41224918 | CH23: =SUM(CH9*H9+CH10*H10+CH15*H15)/(H9+H10+H15) -> 0.38626815 | CI23: =SUM(CI9*I9+CI10*I10+CI15*I15)/(I9+I10+I15) -> 0.35943091 | ... CY23: =SUM(CY9*Y9+CY10*Y10+CY15*Y15)/(Y9+Y10+Y15) -> 0.13253955 | DB23: =BX25 -> 0.48522531 | DC23: =BX49 -> 0.40675057 | DD23: all wing events LS | DE23: other | DF23: =SUM(DF9*0.76+DF10*0.22+DF15*0.02) -> 0.75994195 | DG23: =SUM(DG9*0.76+DG10*0.22+DG15*0.02) -> 0.74006008 | DH23: =SUM(DH9*0.76+DH10*0.22+DH15*0.02) -> 0.70626052 | DI23: =SUM(DI9*0.76+DI10*0.22+DI15*0.02) -> 0.67256535 | DJ23: =SUM(DJ9*0.76+DJ10*0.22+DJ15*0.02) -> 0.63662938 | DK23: =SUM(DK9*0.76+DK10*0.22+DK15*0.02) -> 0.60935635 | DL23: =SUM(DL9*0.76+DL10*0.22+DL15*0.02) -> 0.5651191 | DM23: =SUM(DM9*0.76+DM10*0.22+DM15*0.02) -> 0.52028207 | ... EC23: =SUM(EC9*0.76+EC10*0.22+EC15*0.02) -> 0.20725904 | ED23: =SUMPRODUCT(DF23:EC23,Z47:AW47)/SUM(Z47:AW47) -> 0.38314868 | EE23: =DC23 -> 0.40675057
A25: total wing | B25: =+B21+B22 -> 228 | C25: =+C21+C22 -> 342 | D25: =+D21+D22 -> 569 | E25: =+E21+E22 -> 1113 | F25: =+F21+F22 -> 2192 | G25: =+G21+G22 -> 4624 | H25: =+H21+H22 -> 7484 | I25: =+I21+I22 -> 8937 | ... AW25: =+AW21+AW22 -> 27 | AX25: =+Z25/B25 -> 0.80263158 | AY25: =+AA25/C25 -> 0.78654971 | AZ25: =+AB25/D25 -> 0.75746924 | BA25: =+AC25/E25 -> 0.72506739 | BB25: =+AD25/F25 -> 0.67563869 | BC25: =+AE25/G25 -> 0.64208478 | BD25: =+AF25/H25 -> 0.61130412 | BE25: =+AG25/I25 -> 0.58699787 | ... BU25: =+AW25/Y25 -> 0.27835052 | BV25: =BV21+BV22 -> 135502 | BW25: =BW21+BW22 -> 65749 | BX25: =BW25/BV25 -> 0.48522531 | BY25: total | CA25: total wing conv% | CB25: =AX25 -> 0.80263158 | CC25: =AY25 -> 0.78654971 | CD25: =AZ25 -> 0.75746924 | CE25: =BA25 -> 0.72506739 | CF25: =BB25 -> 0.67563869 | CG25: =BC25 -> 0.64208478 | CH25: =BD25 -> 0.61130412 | CI25: =BE25 -> 0.58699787 | ... CY25: =BU25 -> 0.27835052 | CZ25: =(CZ26*SUM(B26:Y26)+CZ28*SUM(B28:Y28))/SUM(B26:Y26,B28:Y28) -> 0.48525323 | DA25: =BX25 -> 0.48522531 | DD25: wing all | DE25: total wing conv% | DF25: =BZ25 -> 0 | DG25: =CA25 -> total wing conv% | DH25: =CB25 -> 0.80263158 | DI25: =CC25 -> 0.78654971 | DJ25: =CD25 -> 0.75746924 | DK25: =CE25 -> 0.72506739 | DL25: =CF25 -> 0.67563869 | DM25: =CG25 -> 0.64208478 | ... EC25: =CW25 -> 0.33988764 | ED25: =(ED26*SUM(AD26:BA26)+ED28*SUM(AD28:BA28))/SUM(AD26:BA26,AD28:BA28) -> 0.38539962 | EE25: =CZ25 -> 0.48525323
A26: head chance | B26: =+B22/AX26 -> 62.040816 | C26: =+C22/AY26 -> 90.237467 | D26: =+D22/AZ26 -> 150.44271 | E26: =+E22/BA26 -> 301.79353 | F26: =+F22/BB26 -> 627.86966 | G26: =+G22/BC26 -> 1304.4332 | H26: =+H22/BD26 -> 2056.7855 | I26: =+I22/BE26 -> 2452.7005 | ... Y26: =+Y22/BU26 -> 37.002725 | AX26: =+AX25+0.1 -> 0.90263158 | AY26: =+AY25+0.1 -> 0.88654971 | AZ26: =+AZ25+0.1 -> 0.85746924 | BA26: =+BA25+0.1 -> 0.82506739 | BB26: =+BB25+0.1 -> 0.77563869 | BC26: =+BC25+0.1 -> 0.74208478 | BD26: =+BD25+0.1 -> 0.71130412 | BE26: =+BE25+0.1 -> 0.68699787 | ... BU26: =+BU25+0.1 -> 0.37835052 | BX26: =+BX25+0.1 -> 0.58522531 | BY26: w-h | CA26: head conv% | CB26: =AX26 -> 0.90263158 | CC26: =AY26 -> 0.88654971 | CD26: =AZ26 -> 0.85746924 | CE26: =BA26 -> 0.82506739 | CF26: =BB26 -> 0.77563869 | CG26: =BC26 -> 0.74208478 | CH26: =BD26 -> 0.71130412 | CI26: =BE26 -> 0.68699787 | ... CR26: =BN26 -> 0.50265966 | CS26: 0.49 | CT26: 0.48 | CU26: 0.47 | CV26: 0.46 | CW26: =BS26 -> 0.43988764 | CX26: =BT26 -> 0.41578947 | CY26: =BU26 -> 0.37835052 | CZ26: =SUMPRODUCT(CB26:CY26,B26:Y26)/SUM(B26:Y26) -> 0.57948341 | DA26: =BX26 -> 0.58522531 | DD26: wing head | DE26: head conv% | DF26: =BZ26 -> 0 | DG26: =CA26 -> head conv% | DH26: =CB26 -> 0.90263158 | DI26: =CC26 -> 0.88654971 | DJ26: =CD26 -> 0.85746924 | DK26: =CE26 -> 0.82506739 | DL26: =CF26 -> 0.77563869 | DM26: =CG26 -> 0.74208478 | ... DV26: =CP26 -> 0.51602768 | DW26: 0.49 | DX26: 0.48 | DY26: 0.47 | DZ26: 0.46 | EA26: =CU26 -> 0.47 | EB26: =CV26 -> 0.46 | EC26: =CW26 -> 0.43988764 | ED26: =SUMPRODUCT(DF26:EC26,AD26:BA26)/SUM(AD26:BA26) -> 0.45777385 | EE26: =CZ26 -> 0.57948341
A27: head miss | B27: =+B26-B22 -> 6.0408163 | C27: =+C26-C22 -> 10.237467 | D27: =+D26-D22 -> 21.442714 | E27: =+E26-E22 -> 52.793532 | F27: =+F26-F22 -> 140.86966 | G27: =+G26-G22 -> 336.43318 | H27: =+H26-H22 -> 593.78551 | I27: =+I26-I22 -> 767.70046 | ... Y27: =+Y26-Y22 -> 23.002725 | CA27: model wing conv% | CB27: =(CB26*B26+CB28*B28)/B25 -> 0.80263158 | CC27: =(CC26*C26+CC28*C28)/C25 -> 0.78654971 | CD27: =(CD26*D26+CD28*D28)/D25 -> 0.75746924 | CE27: =(CE26*E26+CE28*E28)/E25 -> 0.72506739 | CF27: =(CF26*F26+CF28*F28)/F25 -> 0.67563869 | CG27: =(CG26*G26+CG28*G28)/G25 -> 0.64208478 | CH27: =(CH26*H26+CH28*H28)/H25 -> 0.61130412 | CI27: =(CI26*I26+CI28*I28)/I25 -> 0.58699787 | ... CY27: =(CY26*Y26+CY28*Y28)/Y25 -> 0.27835052 | CZ27: =(CZ26*SUM(B26:Y26)+CZ28*SUM(B28:Y28))/SUM(B25:Y25) -> 0.48525323 | DA27: =(DA26*AA26+DA28+AA28)/AA25 -> 0.0016469401 | DE27: model wing conv% | DF27: =(DF26*AD26+DF28*AD28)/AD25 -> 0 | DG27: =(DG26*AE26+DG28*AE28)/AE25 -> #VALUE! | DH27: =(DH26*AF26+DH28*AF28)/AF25 -> 0 | DI27: =(DI26*AG26+DI28*AG28)/AG25 -> 0 | DJ27: =(DJ26*AH26+DJ28*AH28)/AH25 -> 0 | DK27: =(DK26*AI26+DK28*AI28)/AI25 -> 0 | DL27: =(DL26*AJ26+DL28*AJ28)/AJ25 -> 0 | DM27: =(DM26*AK26+DM28*AK28)/AK25 -> 0 | ... EC27: =(EC26*BA26+EC28*BA28)/BA25 -> 0.76247066 | ED27: =(ED26*SUM(AD26:BA26)+ED28*SUM(AD28:BA28))/SUM(AD25:BA25) -> 3.8484957e-05 | EE27: =(EE26*BC26+EE28+BC28)/BC25 -> 2.2987031
A28: W-A chance | B28: =+B21-B27 -> 165.95918 | C28: =+C21-C27 -> 251.76253 | D28: =+D21-D27 -> 418.55729 | E28: =+E21-E27 -> 811.20647 | F28: =+F21-F27 -> 1564.1303 | G28: =+G21-G27 -> 3319.5668 | H28: =+H21-H27 -> 5427.2145 | I28: =+I21-I27 -> 6484.2995 | ... Y28: =+Y21-Y27 -> 59.997275 | AX28: =+Z21/B28 -> 0.7652484 | AY28: =+AA21/C28 -> 0.75070741 | AZ28: =+AB21/D28 -> 0.72152608 | BA28: =+AC21/E28 -> 0.68786434 | BB28: =+AD21/F28 -> 0.63549691 | BC28: =+AE21/G28 -> 0.60278949 | BD28: =+AF21/H28 -> 0.57340649 | BE28: =+AG21/I28 -> 0.54917266 | ... BU28: =+AW21/Y28 -> 0.21667651 | BX28: =+BW21/SUM(B28:Y28) -> 0.4430269 | BY28: w-a | CA28: w-a conv% | CB28: =AX28 -> 0.7652484 | CC28: =AY28 -> 0.75070741 | CD28: =AZ28 -> 0.72152608 | CE28: =BA28 -> 0.68786434 | CF28: =BB28 -> 0.63549691 | CG28: =BC28 -> 0.60278949 | CH28: =BD28 -> 0.57340649 | CI28: =BE28 -> 0.54917266 | ... CR28: =BN28 -> 0.34923067 | CS28: 0.34 | CT28: 0.33 | CU28: 0.32 | CV28: 0.3 | CW28: =BS28 -> 0.27608011 | CX28: =BT28 -> 0.25813981 | CY28: =BU28 -> 0.21667651 | CZ28: =SUMPRODUCT(CB28:CY28,B28:Y28)/SUM(B28:Y28) -> 0.44314698 | DA28: =BX28 -> 0.4430269 | DD28: wing anyone | DE28: w-a conv% | DF28: =BZ28 -> 0 | DG28: =CA28 -> w-a conv% | DH28: =CB28 -> 0.7652484 | DI28: =CC28 -> 0.75070741 | DJ28: =CD28 -> 0.72152608 | DK28: =CE28 -> 0.68786434 | DL28: =CF28 -> 0.63549691 | DM28: =CG28 -> 0.60278949 | ... DV28: =CP28 -> 0.36900365 | DW28: 0.34 | DX28: 0.33 | DY28: 0.32 | DZ28: 0.3 | EA28: =CU28 -> 0.32 | EB28: =CV28 -> 0.3 | EC28: =CW28 -> 0.27608011 | ED28: =SUMPRODUCT(DF28:EC28,AD28:BA28)/SUM(AD28:BA28) -> 0.29950792 | EE28: =CZ28 -> 0.44314698
DG29: =IF(DG27>DF27,0,1) -> #VALUE! | DH29: =IF(DH27>DG27,0,1) -> #VALUE! | DI29: =IF(DI27>DH27,0,1) -> 1 | DJ29: =IF(DJ27>DI27,0,1) -> 1 | DK29: =IF(DK27>DJ27,0,1) -> 1 | DL29: =IF(DL27>DK27,0,1) -> 1 | DM29: =IF(DM27>DL27,0,1) -> 1 | DN29: =IF(DN27>DM27,0,1) -> 1 | ... EC29: =IF(EC27>EB27,0,1) -> 1
A30: Event | B30: <=1 | C30: 1.5 | D30: 2 | E30: 2.5 | F30: 3 | G30: 3.5 | H30: 4 | I30: 4.5 | J30: 5 | K30: 5.5 | L30: 6 | M30: 6.5 | N30: 7 | O30: 7.5 | P30: 8 | Q30: 8.5 | R30: 9 | S30: 9.5 | T30: 10 | U30: 10.5 | V30: 11 | W30: 11.5 | X30: 12 | Y30: 12.5+ | Z30: <=1 | AA30: 1.5 | AB30: 2 | AC30: 2.5 | AD30: 3 | AE30: 3.5 | AF30: 4 | AG30: 4.5 | AH30: 5 | AI30: 5.5 | AJ30: 6 | AK30: 6.5 | AL30: 7 | AM30: 7.5 | AN30: 8 | AO30: 8.5 | AP30: 9 | AQ30: 9.5 | AR30: 10 | AS30: 10.5 | AT30: 11 | AU30: 11.5 | AV30: 12 | AW30: 12.5+ | AX30: <=1 | AY30: 1.5 | AZ30: 2 | BA30: 2.5 | BB30: 3 | BC30: 3.5 | BD30: 4 | BE30: 4.5 | BF30: 5 | BG30: 5.5 | BH30: 6 | BI30: 6.5 | BJ30: 7 | BK30: 7.5 | BL30: 8 | BM30: 8.5 | BN30: 9 | BO30: 9.5 | BP30: 10 | BQ30: 10.5 | BR30: 11 | BS30: 11.5 | BT30: 12 | BU30: 12.5+ | CA30: Event | DE30: Event | DH30: =IF(DH29>DG29,0,1) -> #VALUE! | DI30: =IF(DI29>DH29,0,1) -> #VALUE! | DJ30: =IF(DJ29>DI29,0,1) -> 1 | DK30: =IF(DK29>DJ29,0,1) -> 1 | DL30: =IF(DL29>DK29,0,1) -> 1 | DM30: =IF(DM29>DL29,0,1) -> 1 | DN30: =IF(DN29>DM29,0,1) -> 1 | DO30: =IF(DO29>DN29,0,1) -> 1 | ... EC30: =IF(EC29>EB29,0,1) -> 1
A31: CornerAnyone | B31: 8 | C31: 3 | D31: 9 | E31: 19 | F31: 31 | G31: 56 | H31: 86 | I31: 109 | J31: 112 | K31: 173 | L31: 142 | M31: 196 | N31: 230 | O31: 211 | P31: 260 | Q31: 239 | R31: 207 | S31: 153 | T31: 105 | U31: 52 | V31: 36 | W31: 19 | X31: 8 | Y31: 7 | Z31: 8 | AA31: 3 | AB31: 6 | AC31: 15 | AD31: 28 | AE31: 51 | AF31: 73 | AG31: 74 | AH31: 87 | AI31: 123 | AJ31: 101 | AK31: 144 | AL31: 176 | AM31: 145 | AN31: 178 | AO31: 162 | AP31: 147 | AQ31: 105 | AR31: 73 | AS31: 38 | AT31: 22 | AU31: 11 | AV31: 6 | AW31: 4 | AX31: 1 | AY31: 1 | AZ31: 0.66666667 | BA31: 0.78947368 | BB31: 0.90322581 | BC31: 0.91071429 | BD31: 0.84883721 | BE31: 0.67889908 | BF31: 0.77678571 | BG31: 0.71098266 | BH31: 0.71126761 | BI31: 0.73469388 | BJ31: 0.76521739 | BK31: 0.68720379 | BL31: 0.68461538 | BM31: 0.67782427 | BN31: 0.71014493 | BO31: 0.68627451 | BP31: 0.6952381 | BQ31: 0.73076923 | BR31: 0.61111111 | BS31: 0.57894737 | BT31: 0.75 | BU31: 0.57142857 | BV31: 2471 | BW31: 1780 | BX31: 0.72035613 | CA31: CornerAnyone | CB31: =AVERAGE(CB9:CB12,CB14,CB16,CB19,CB20,CB26,CB28) -> 0.67570343 | CC31: =AVERAGE(CC9:CC12,CC14,CC16,CC19,CC20,CC26,CC28) -> 0.65378154 | CD31: =AVERAGE(CD9:CD12,CD14,CD16,CD19,CD20,CD26,CD28) -> 0.63264212 | CE31: =AVERAGE(CE9:CE12,CE14,CE16,CE19,CE20,CE26,CE28) -> 0.60609672 | CF31: =AVERAGE(CF9:CF12,CF14,CF16,CF19,CF20,CF26,CF28) -> 0.57545164 | CG31: =AVERAGE(CG9:CG12,CG14,CG16,CG19,CG20,CG26,CG28) -> 0.55022465 | CH31: =AVERAGE(CH9:CH12,CH14,CH16,CH19,CH20,CH26,CH28) -> 0.5238356 | CI31: =AVERAGE(CI9:CI12,CI14,CI16,CI19,CI20,CI26,CI28) -> 0.49405501 | ... CY31: =AVERAGE(CY9:CY12,CY14,CY16,CY19,CY20,CY26,CY28) -> 0.26183264 | CZ31: =AVERAGE(CZ9:CZ20,CZ26,CZ28) -> 0.42025812 | DE31: CornerAnyone | DF31: =AVERAGE(DF9:DF12,DF14,DF16,DF19:DF22) -> 0.7262364 | DG31: =AVERAGE(DG9:DG12,DG14,DG16,DG19:DG22) -> 0.70460848 | DH31: =AVERAGE(DH9:DH12,DH14,DH16,DH19:DH22) -> 0.68297805 | DI31: =AVERAGE(DI9:DI12,DI14,DI16,DI19:DI22) -> 0.66084645 | DJ31: =AVERAGE(DJ9:DJ12,DJ14,DJ16,DJ19:DJ22) -> 0.62864836 | DK31: =AVERAGE(DK9:DK12,DK14,DK16,DK19:DK22) -> 0.6053894 | DL31: =AVERAGE(DL9:DL12,DL14,DL16,DL19:DL22) -> 0.58066925 | DM31: =AVERAGE(DM9:DM12,DM14,DM16,DM19:DM22) -> 0.54569898 | ... ED31: =AVERAGE(ED9:ED12,ED14,ED16,ED19:ED22) -> 0.45128208
A32: CornerHead | B32: 2 | C32: 5 | D32: 9 | E32: 16 | F32: 20 | G32: 44 | H32: 56 | I32: 104 | J32: 92 | K32: 131 | L32: 108 | M32: 169 | N32: 200 | O32: 202 | P32: 227 | Q32: 198 | R32: 199 | S32: 159 | T32: 118 | U32: 77 | V32: 39 | W32: 16 | X32: 10 | Y32: 4 | Z32: 1 | AA32: 4 | AB32: 6 | AC32: 14 | AD32: 16 | AE32: 34 | AF32: 45 | AG32: 87 | AH32: 71 | AI32: 112 | AJ32: 81 | AK32: 121 | AL32: 148 | AM32: 146 | AN32: 169 | AO32: 133 | AP32: 124 | AQ32: 91 | AR32: 85 | AS32: 51 | AT32: 23 | AU32: 11 | AV32: 6 | AW32: 1 | AX32: 0.5 | AY32: 0.8 | AZ32: 0.66666667 | BA32: 0.875 | BB32: 0.8 | BC32: 0.77272727 | BD32: 0.80357143 | BE32: 0.83653846 | BF32: 0.77173913 | BG32: 0.85496183 | BH32: 0.75 | BI32: 0.71597633 | BJ32: 0.74 | BK32: 0.72277228 | BL32: 0.74449339 | BM32: 0.67171717 | BN32: 0.62311558 | BO32: 0.57232704 | BP32: 0.72033898 | BQ32: 0.66233766 | BR32: 0.58974359 | BS32: 0.6875 | BT32: 0.6 | BU32: 0.25 | BV32: 2205 | BW32: 1580 | BX32: 0.71655329 | CA32: CornerHead | CB32: =+CB31/$CZ31 -> 1.6078296 | CC32: =+CC31/$CZ31 -> 1.5556666 | CD32: =+CD31/$CZ31 -> 1.5053656 | CE32: =+CE31/$CZ31 -> 1.4422011 | CF32: =+CF31/$CZ31 -> 1.3692814 | CG32: =+CG31/$CZ31 -> 1.3092541 | CH32: =+CH31/$CZ31 -> 1.2464616 | CI32: =+CI31/$CZ31 -> 1.1755989 | ... CY32: =+CY31/$CZ31 -> 0.62302815 | DE32: CornerHead | DF32: =+DF31/$ED31 -> 1.6092737 | DG32: =+DG31/$ED31 -> 1.5613482 | DH32: =+DH31/$ED31 -> 1.5134172 | DI32: =+DI31/$ED31 -> 1.4643756 | DJ32: =+DJ31/$ED31 -> 1.3930275 | DK32: =+DK31/$ED31 -> 1.3414878 | DL32: =+DL31/$ED31 -> 1.2867102 | DM32: =+DM31/$ED31 -> 1.2092193 | ... EB32: =+EB31/$ED31 -> 0.65591255 | EC32: =+EC31/$CZ31 -> 0.66283886
A33: ExperienceFwd | C33: 3 | D33: 1 | F33: 1 | G33: 5 | H33: 8 | I33: 14 | J33: 7 | K33: 14 | L33: 12 | M33: 13 | N33: 21 | O33: 15 | P33: 12 | Q33: 13 | R33: 13 | S33: 4 | T33: 9 | U33: 4 | W33: 2 | Y33: 2 | AA33: 3 | AB33: 0 | AD33: 1 | AE33: 5 | AF33: 7 | AG33: 7 | AH33: 4 | AI33: 7 | AJ33: 4 | AK33: 5 | AL33: 10 | AM33: 6 | AN33: 4 | AO33: 4 | AP33: 5 | AQ33: 0 | AR33: 3 | AS33: 1 | AU33: 0 | AW33: 0 | AX33: #DIV/0! | AY33: 1 | AZ33: 0 | BA33: #DIV/0! | BB33: 1 | BC33: 1 | BD33: 0.875 | BE33: 0.5 | BF33: 0.57142857 | BG33: 0.5 | BH33: 0.33333333 | BI33: 0.38461538 | BJ33: 0.47619048 | BK33: 0.4 | BL33: 0.33333333 | BM33: 0.30769231 | BN33: 0.38461538 | BO33: 0 | BP33: 0.33333333 | BQ33: 0.25 | BR33: #DIV/0! | BS33: 0 | BT33: #DIV/0! | BU33: 0 | BV33: 173 | BW33: 76 | BX33: 0.43930636 | CA33: ExperienceFwd | DE33: ExperienceFwd
A34: InexpDef | B34: 2 | C34: 3 | D34: 2 | E34: 4 | F34: 8 | G34: 17 | H34: 22 | I34: 27 | J34: 33 | K34: 39 | L34: 45 | M34: 49 | N34: 61 | O34: 61 | P34: 69 | Q34: 76 | R34: 50 | S34: 40 | T34: 45 | U34: 24 | V34: 6 | W34: 7 | X34: 2 | Y34: 2 | Z34: 2 | AA34: 1 | AB34: 0 | AC34: 1 | AD34: 0 | AE34: 5 | AF34: 4 | AG34: 4 | AH34: 8 | AI34: 8 | AJ34: 8 | AK34: 8 | AL34: 11 | AM34: 9 | AN34: 14 | AO34: 9 | AP34: 5 | AQ34: 3 | AR34: 3 | AS34: 5 | AT34: 0 | AU34: 1 | AV34: 0 | AW34: 0 | AX34: 1 | AY34: 0.33333333 | AZ34: 0 | BA34: 0.25 | BB34: 0 | BC34: 0.29411765 | BD34: 0.18181818 | BE34: 0.14814815 | BF34: 0.24242424 | BG34: 0.20512821 | BH34: 0.17777778 | BI34: 0.16326531 | BJ34: 0.18032787 | BK34: 0.14754098 | BL34: 0.20289855 | BM34: 0.11842105 | BN34: 0.1 | BO34: 0.075 | BP34: 0.066666667 | BQ34: 0.20833333 | BR34: 0 | BS34: 0.14285714 | BT34: 0 | BU34: 0 | BV34: 694 | BW34: 109 | BX34: 0.15706052 | CA34: InexpDef | DE34: InexpDef
A35: QuickPass | B35: 4 | C35: 4 | D35: 3 | E35: 5 | F35: 14 | G35: 26 | H35: 53 | I35: 49 | J35: 69 | K35: 70 | L35: 109 | M35: 91 | N35: 125 | O35: 101 | P35: 131 | Q35: 111 | R35: 110 | S35: 69 | T35: 59 | U35: 30 | V35: 18 | W35: 11 | X35: 4 | Y35: 2 | Z35: 1 | AA35: 1 | AB35: 1 | AC35: 2 | AD35: 8 | AE35: 13 | AF35: 24 | AG35: 19 | AH35: 27 | AI35: 29 | AJ35: 45 | AK35: 29 | AL35: 38 | AM35: 30 | AN35: 49 | AO35: 35 | AP35: 43 | AQ35: 27 | AR35: 14 | AS35: 10 | AT35: 5 | AU35: 5 | AV35: 2 | AW35: 0 | AX35: 0.25 | AY35: 0.25 | AZ35: 0.33333333 | BA35: 0.4 | BB35: 0.57142857 | BC35: 0.5 | BD35: 0.45283019 | BE35: 0.3877551 | BF35: 0.39130435 | BG35: 0.41428571 | BH35: 0.41284404 | BI35: 0.31868132 | BJ35: 0.304 | BK35: 0.2970297 | BL35: 0.3740458 | BM35: 0.31531532 | BN35: 0.39090909 | BO35: 0.39130435 | BP35: 0.23728814 | BQ35: 0.33333333 | BR35: 0.27777778 | BS35: 0.45454545 | BT35: 0.5 | BU35: 0 | BV35: 1268 | BW35: 457 | BX35: 0.36041009 | CA35: QuickPass | DE35: QuickPass
A36: QuickRush | C36: 1 | D36: 6 | E36: 8 | F36: 19 | G36: 34 | H36: 52 | I36: 50 | J36: 65 | K36: 76 | L36: 118 | M36: 116 | N36: 124 | O36: 124 | P36: 107 | Q36: 122 | R36: 105 | S36: 82 | T36: 53 | U36: 31 | V36: 28 | W36: 7 | X36: 5 | Y36: 1 | AA36: 1 | AB36: 5 | AC36: 4 | AD36: 15 | AE36: 20 | AF36: 37 | AG36: 33 | AH36: 42 | AI36: 49 | AJ36: 69 | AK36: 69 | AL36: 67 | AM36: 63 | AN36: 65 | AO36: 61 | AP36: 56 | AQ36: 45 | AR36: 23 | AS36: 13 | AT36: 16 | AU36: 4 | AV36: 4 | AW36: 0 | AX36: #DIV/0! | AY36: 1 | AZ36: 0.83333333 | BA36: 0.5 | BB36: 0.78947368 | BC36: 0.58823529 | BD36: 0.71153846 | BE36: 0.66 | BF36: 0.64615385 | BG36: 0.64473684 | BH36: 0.58474576 | BI36: 0.59482759 | BJ36: 0.54032258 | BK36: 0.50806452 | BL36: 0.60747664 | BM36: 0.5 | BN36: 0.53333333 | BO36: 0.54878049 | BP36: 0.43396226 | BQ36: 0.41935484 | BR36: 0.57142857 | BS36: 0.57142857 | BT36: 0.8 | BU36: 0 | BV36: 1334 | BW36: 761 | BX36: 0.57046477 | CA36: QuickRush | DE36: QuickRush
A37: QuickStop | C37: 1 | D37: 5 | E37: 2 | F37: 4 | G37: 6 | H37: 3 | I37: 9 | J37: 6 | K37: 16 | L37: 23 | M37: 20 | N37: 28 | O37: 26 | P37: 24 | Q37: 27 | R37: 16 | S37: 17 | T37: 15 | U37: 9 | V37: 8 | W37: 2 | X37: 1 | Y37: 1 | AA37: 0 | AB37: 0 | AC37: 0 | AD37: 0 | AE37: 0 | AF37: 0 | AG37: 0 | AH37: 0 | AI37: 0 | AJ37: 0 | AK37: 0 | AL37: 0 | AM37: 0 | AN37: 0 | AO37: 0 | AP37: 0 | AQ37: 0 | AR37: 0 | AS37: 0 | AT37: 0 | AU37: 0 | AV37: 0 | AW37: 0 | AX37: #DIV/0! | AY37: 0 | AZ37: 0 | BA37: 0 | BB37: 0 | BC37: 0 | BD37: 0 | BE37: 0 | BF37: 0 | BG37: 0 | BH37: 0 | BI37: 0 | BJ37: 0 | BK37: 0 | BL37: 0 | BM37: 0 | BN37: 0 | BO37: 0 | BP37: 0 | BQ37: 0 | BR37: 0 | BS37: 0 | BT37: 0 | BU37: 0 | BV37: 269 | BW37: 0 | BX37: 0 | CA37: QuickStop | DE37: QuickStop
A38: TechHead | B38: 2 | C38: 3 | D38: 2 | E38: 3 | F38: 6 | G38: 15 | H38: 22 | I38: 27 | J38: 29 | K38: 30 | L38: 31 | M38: 37 | N38: 46 | O38: 38 | P38: 52 | Q38: 52 | R38: 55 | S38: 35 | T38: 31 | U38: 27 | V38: 10 | W38: 9 | X38: 2 | Z38: 1 | AA38: 1 | AB38: 2 | AC38: 0 | AD38: 3 | AE38: 8 | AF38: 10 | AG38: 17 | AH38: 10 | AI38: 12 | AJ38: 18 | AK38: 17 | AL38: 16 | AM38: 15 | AN38: 20 | AO38: 18 | AP38: 16 | AQ38: 14 | AR38: 9 | AS38: 12 | AT38: 0 | AU38: 2 | AV38: 0 | AX38: 0.5 | AY38: 0.33333333 | AZ38: 1 | BA38: 0 | BB38: 0.5 | BC38: 0.53333333 | BD38: 0.45454545 | BE38: 0.62962963 | BF38: 0.34482759 | BG38: 0.4 | BH38: 0.58064516 | BI38: 0.45945946 | BJ38: 0.34782609 | BK38: 0.39473684 | BL38: 0.38461538 | BM38: 0.34615385 | BN38: 0.29090909 | BO38: 0.4 | BP38: 0.29032258 | BQ38: 0.44444444 | BR38: 0 | BS38: 0.22222222 | BT38: 0 | BU38: #DIV/0! | BV38: 564 | BW38: 221 | BX38: 0.39184397 | CA38: TechHead | DE38: TechHead
A39: TiredDef | F39: 1 | G39: 2 | I39: 1 | K39: 2 | L39: 1 | M39: 1 | O39: 1 | R39: 1 | T39: 2 | U39: 1 | AD39: 0 | AE39: 1 | AG39: 0 | AI39: 0 | AJ39: 1 | AK39: 1 | AM39: 0 | AP39: 1 | AR39: 0 | AS39: 0 | AX39: #DIV/0! | AY39: #DIV/0! | AZ39: #DIV/0! | BA39: #DIV/0! | BB39: 0 | BC39: 0.5 | BD39: #DIV/0! | BE39: 0 | BF39: #DIV/0! | BG39: 0 | BH39: 1 | BI39: 1 | BJ39: #DIV/0! | BK39: 0 | BL39: #DIV/0! | BM39: #DIV/0! | BN39: 1 | BO39: #DIV/0! | BP39: 0 | BQ39: 0 | BR39: #DIV/0! | BS39: #DIV/0! | BT39: #DIV/0! | BU39: #DIV/0! | BV39: 13 | BW39: 4 | BX39: 0.30769231 | CA39: TiredDef | DE39: TiredDef
A40: UnpredLongPass | B40: 2 | C40: 1 | D40: 2 | E40: 8 | F40: 11 | G40: 20 | H40: 21 | I40: 23 | J40: 41 | K40: 41 | L40: 55 | M40: 57 | N40: 78 | O40: 78 | P40: 68 | Q40: 66 | R40: 58 | S40: 30 | T40: 31 | U40: 19 | V40: 12 | W40: 7 | X40: 2 | Y40: 2 | Z40: 2 | AA40: 0 | AB40: 1 | AC40: 5 | AD40: 4 | AE40: 12 | AF40: 11 | AG40: 13 | AH40: 24 | AI40: 25 | AJ40: 25 | AK40: 29 | AL40: 29 | AM40: 32 | AN40: 26 | AO40: 25 | AP40: 26 | AQ40: 10 | AR40: 6 | AS40: 3 | AT40: 3 | AU40: 2 | AV40: 0 | AW40: 0 | AX40: 1 | AY40: 0 | AZ40: 0.5 | BA40: 0.625 | BB40: 0.36363636 | BC40: 0.6 | BD40: 0.52380952 | BE40: 0.56521739 | BF40: 0.58536585 | BG40: 0.6097561 | BH40: 0.45454545 | BI40: 0.50877193 | BJ40: 0.37179487 | BK40: 0.41025641 | BL40: 0.38235294 | BM40: 0.37878788 | BN40: 0.44827586 | BO40: 0.33333333 | BP40: 0.19354839 | BQ40: 0.15789474 | BR40: 0.25 | BS40: 0.28571429 | BT40: 0 | BU40: 0 | BV40: 733 | BW40: 313 | BX40: 0.42701228 | CA40: UnpredLongPass | DE40: UnpredLongPass
